Ethnicity,Citizen of Latvia,Non-citizen of Latvia,Alternative status of Latvia,Latvian stateless person,Latvian refugee,Temporary protection of Latvia,Other,Together,Year,Total_Population_Year,Percent_of_Year,Cluster_Category
ABAZ,2,3,0,0,0,0,1,6,2020,2083363,0.0003,Integrated Minorities
ABHAHAZ,11,14,0,0,0,0,8,33,2020,2083363,0.0016,Integrated Minorities
ADIGEAN,1,7,0,0,0,0,3,11,2020,2083363,0.0005,Integrated Minorities
AFGHAN,20,1,21,0,13,0,19,74,2020,2083363,0.0036,Integrated Minorities
AFRIKANDS,3,0,0,0,0,0,2,5,2020,2083363,0.0002,Integrated Minorities
AGULS,7,8,0,0,0,0,18,33,2020,2083363,0.0016,Integrated Minorities
ALBANON,1,0,0,0,0,0,15,16,2020,2083363,0.0008,Integrated Minorities
ALTAIC,0,3,0,0,0,0,1,4,2020,2083363,0.0002,Integrated Minorities
ALGERIAN,4,0,0,0,0,0,20,24,2020,2083363,0.0012,Integrated Minorities
AMERICAN,69,0,0,0,0,0,412,481,2020,2083363,0.0231,Integrated Minorities
ENGLISHMAN,78,1,0,0,0,0,760,839,2020,2083363,0.0403,Integrated Minorities
ARABIC,13,6,33,0,8,0,15,75,2020,2083363,0.0036,Integrated Minorities
ARGENTINE,3,0,0,0,0,0,17,20,2020,2083363,0.001,Integrated Minorities
ARMENIAN,1192,716,0,6,1,0,687,2602,2020,2083363,0.1249,Integrated Minorities
ASSYRIAN,5,2,1,0,0,0,7,15,2020,2083363,0.0007,Integrated Minorities
AUSTRALIAN,15,0,0,0,0,0,39,54,2020,2083363,0.0026,Integrated Minorities
AUSTRIAN,7,2,0,0,0,0,126,135,2020,2083363,0.0065,Integrated Minorities
CRASH,34,22,0,1,0,0,18,75,2020,2083363,0.0036,Integrated Minorities
AZERBAIJAN,628,673,1,2,6,0,824,2134,2020,2083363,0.1024,Integrated Minorities
BALKAR,0,2,0,0,0,0,6,8,2020,2083363,0.0004,Integrated Minorities
BELARUS,28455,29796,3,9,0,0,7052,65315,2020,2083363,3.1351,Integrated Minorities
BASHKIR,73,89,0,0,0,0,68,230,2020,2083363,0.011,Integrated Minorities
BALOCHISTAN,0,0,0,0,0,0,2,2,2020,2083363,0.0001,Integrated Minorities
BENGAL,0,0,2,0,0,0,12,14,2020,2083363,0.0007,Integrated Minorities
BENINIETIS,3,1,0,0,0,0,2,6,2020,2083363,0.0003,Integrated Minorities
BOLIVIAN,0,0,0,0,0,0,1,1,2020,2083363,0.0,Integrated Minorities
BOSNIAN,1,0,0,0,0,0,4,5,2020,2083363,0.0002,Integrated Minorities
BRAZILIAN,5,0,0,0,0,0,74,79,2020,2083363,0.0038,Integrated Minorities
BULGARIAN,173,117,0,0,0,0,804,1094,2020,2083363,0.0525,Integrated Minorities
BURYAT,17,12,0,0,0,0,5,34,2020,2083363,0.0016,Integrated Minorities
CAHURS,3,2,0,1,0,0,3,9,2020,2083363,0.0004,Integrated Minorities
ANOTHER,0,0,0,0,0,0,1,1,2020,2083363,0.0,Integrated Minorities
CHECHEN,81,33,2,1,0,0,68,185,2020,2083363,0.0089,Integrated Minorities
CZECH REPUBLIC,56,9,0,0,0,0,162,227,2020,2083363,0.0109,Integrated Minorities
CHURCHES,7,5,0,0,0,0,4,16,2020,2083363,0.0008,Integrated Minorities
GYPSY,6312,309,0,8,2,0,47,6678,2020,2083363,0.3205,Integrated Minorities
GYPSY (ROM),206,0,0,2,0,0,6,214,2020,2083363,0.0103,Integrated Minorities
CHILEAN,1,0,0,0,0,0,8,9,2020,2083363,0.0004,Integrated Minorities
CHUKCH,0,2,0,0,0,0,0,2,2020,2083363,0.0001,Integrated Minorities
CHUVASH,131,298,0,0,0,0,147,576,2020,2083363,0.0276,Integrated Minorities
DARGINS,16,6,0,0,0,0,3,25,2020,2083363,0.0012,Integrated Minorities
DANE,37,0,0,0,0,0,339,376,2020,2083363,0.018,Integrated Minorities
DUNGANS,0,0,0,0,0,0,2,2,2020,2083363,0.0001,Integrated Minorities
JEW,5718,1829,0,2,2,0,594,8145,2020,2083363,0.391,Integrated Minorities
ECUADORIAN,0,0,0,0,0,0,5,5,2020,2083363,0.0002,Integrated Minorities
EVENKS,2,1,0,0,0,0,0,3,2020,2083363,0.0001,Integrated Minorities
EVENS,0,0,0,0,0,0,1,1,2020,2083363,0.0,Integrated Minorities
EGYPTIAN,9,0,0,0,5,0,152,166,2020,2083363,0.008,Integrated Minorities
FARCE,0,0,0,0,0,0,1,1,2020,2083363,0.0,Integrated Minorities
FLEMISH,1,0,0,0,0,0,13,14,2020,2083363,0.0007,Integrated Minorities
FRENCHMAN,50,0,0,0,0,0,675,725,2020,2083363,0.0348,Integrated Minorities
GAGAUZ,37,37,0,0,0,0,17,91,2020,2083363,0.0044,Integrated Minorities
GREEK,190,70,0,1,0,0,112,373,2020,2083363,0.0179,Integrated Minorities
GEORGIA,517,306,0,2,1,0,441,1267,2020,2083363,0.0608,Integrated Minorities
HAKASIAN,1,2,0,0,0,0,5,8,2020,2083363,0.0004,Integrated Minorities
HANTS,0,4,0,0,0,0,1,5,2020,2083363,0.0002,Integrated Minorities
HINDUSTAN,0,0,0,0,0,0,2,2,2020,2083363,0.0001,Integrated Minorities
DUTCHMAN,19,3,0,0,0,0,176,198,2020,2083363,0.0095,Integrated Minorities
CROATIA,7,5,0,0,0,0,51,63,2020,2083363,0.003,Integrated Minorities
HUTU,0,0,0,0,0,0,1,1,2020,2083363,0.0,Integrated Minorities
ESTONIAN,1204,283,0,2,0,0,634,2123,2020,2083363,0.1019,Integrated Minorities
INDIAN,18,0,0,0,0,0,2399,2417,2020,2083363,0.116,Integrated Minorities
INGUSH,9,10,0,0,0,0,16,35,2020,2083363,0.0017,Integrated Minorities
IRAQI,3,0,6,0,11,0,54,74,2020,2083363,0.0036,Integrated Minorities
IRAN,3,1,9,1,11,0,55,80,2020,2083363,0.0038,Integrated Minorities
ICELANDIC,5,0,0,0,0,0,43,48,2020,2083363,0.0023,Integrated Minorities
ITALIAN,102,1,0,0,0,0,722,825,2020,2083363,0.0396,Integrated Minorities
IZOR,0,1,0,0,0,0,0,1,2020,2083363,0.0,Integrated Minorities
IRISH,18,0,0,0,0,0,95,113,2020,2083363,0.0054,Integrated Minorities
YAKUTS,10,11,0,0,0,0,16,37,2020,2083363,0.0018,Integrated Minorities
JAPAN,3,0,0,0,0,0,37,40,2020,2083363,0.0019,Integrated Minorities
NEW ZEALANDER,1,0,0,0,0,0,19,20,2020,2083363,0.001,Integrated Minorities
YEZID,1,1,0,0,0,0,2,4,2020,2083363,0.0002,Integrated Minorities
KABARD,10,10,0,0,0,0,5,25,2020,2083363,0.0012,Integrated Minorities
CALMISH,9,7,0,0,0,0,24,40,2020,2083363,0.0019,Integrated Minorities
CANUCK,10,0,0,0,0,0,85,95,2020,2083363,0.0046,Integrated Minorities
KARAČAYAN,4,4,0,0,0,0,2,10,2020,2083363,0.0005,Integrated Minorities
CHARITY,3,1,0,0,0,0,0,4,2020,2083363,0.0002,Integrated Minorities
KARAKALPAKS,0,0,0,0,0,0,6,6,2020,2083363,0.0003,Integrated Minorities
KAREL,68,87,0,0,0,0,31,186,2020,2083363,0.0089,Integrated Minorities
KAZAKHS,89,80,3,0,1,0,430,603,2020,2083363,0.0289,Integrated Minorities
KYRGYZ,6,7,0,1,2,0,52,68,2020,2083363,0.0033,Integrated Minorities
COLOMBIAN,4,0,0,0,0,0,16,20,2020,2083363,0.001,Integrated Minorities
COMET,62,103,0,0,0,0,42,207,2020,2083363,0.0099,Integrated Minorities
KOMIET PERMIETIS,17,20,0,0,0,0,8,45,2020,2083363,0.0022,Integrated Minorities
KOREAN,85,47,0,0,0,0,136,268,2020,2083363,0.0129,Integrated Minorities
CORYAC,0,1,0,0,0,0,0,1,2020,2083363,0.0,Integrated Minorities
COSTA RICAN,1,0,0,0,0,0,0,1,2020,2083363,0.0,Integrated Minorities
RUSSIAN,343482,141939,7,96,47,0,44370,529941,2020,2083363,25.4368,Large Historical Minority
CRIMEAN TATAR,3,0,0,0,0,0,3,6,2020,2083363,0.0003,Integrated Minorities
KRIMCHAK,1,1,0,0,0,0,1,3,2020,2083363,0.0001,Integrated Minorities
CUBAN,16,1,0,0,0,0,24,41,2020,2083363,0.002,Integrated Minorities
COMIC,8,15,0,0,0,0,10,33,2020,2083363,0.0016,Integrated Minorities
KURDISH,4,0,80,0,13,0,10,107,2020,2083363,0.0051,Integrated Minorities
CHINESE,7,3,0,0,0,0,902,912,2020,2083363,0.0438,Integrated Minorities
LAX,19,22,0,0,0,0,6,47,2020,2083363,0.0023,Integrated Minorities
LAOTIAN,1,0,0,0,0,0,0,1,2020,2083363,0.0,Integrated Minorities
LATVIAN,1257133,492,0,1,0,0,1143,1258769,2020,2083363,60.4201,Latvians
LAZS,5,0,0,0,0,0,0,5,2020,2083363,0.0002,Integrated Minorities
LEZGIN,77,119,0,1,0,0,71,268,2020,2083363,0.0129,Integrated Minorities
LEBANESE,29,3,0,0,5,0,56,93,2020,2083363,0.0045,Integrated Minorities
LITHUANIAN,16669,5228,0,1,0,0,3409,25307,2020,2083363,1.2147,Integrated Minorities
LIVONIAN,156,0,0,0,0,0,0,156,2020,2083363,0.0075,Integrated Minorities
LIVONIAN (LIV),10,0,0,0,0,0,0,10,2020,2083363,0.0005,Integrated Minorities
LIBYAN ARAB,0,0,0,0,0,0,2,2,2020,2083363,0.0001,Integrated Minorities
LUXEMBOURGISH,0,0,0,0,0,0,5,5,2020,2083363,0.0002,Integrated Minorities
MACEDONIAN,3,0,0,0,0,0,13,16,2020,2083363,0.0008,Integrated Minorities
MALAYSIAN,1,0,0,0,0,0,6,7,2020,2083363,0.0003,Integrated Minorities
MALTESE,1,0,0,0,0,0,8,9,2020,2083363,0.0004,Integrated Minorities
MARIETIS,62,117,0,0,0,0,51,230,2020,2083363,0.011,Integrated Minorities
MOROCCAN,0,0,0,0,0,0,23,23,2020,2083363,0.0011,Integrated Minorities
MEXICAN,6,0,0,0,0,0,33,39,2020,2083363,0.0019,Integrated Minorities
MONTENEGRIN,3,1,0,0,0,0,0,4,2020,2083363,0.0002,Integrated Minorities
MOLDAVIA,671,719,0,2,0,0,445,1837,2020,2083363,0.0882,Integrated Minorities
MONGOLIAN,2,0,0,0,0,0,10,12,2020,2083363,0.0006,Integrated Minorities
MORTAR SITE,126,226,0,0,0,0,106,458,2020,2083363,0.022,Integrated Minorities
NAGAIBAK,2,0,0,0,0,0,1,3,2020,2083363,0.0001,Integrated Minorities
UNSELECTED,46783,810,43,6,3,0,530,48175,2020,2083363,2.3124,Integrated Minorities
NEPALIAN,1,0,0,0,0,0,63,64,2020,2083363,0.0031,Integrated Minorities
UNKNOWN,1729,64,14,2,6,0,5263,7078,2020,2083363,0.3397,Integrated Minorities
NIGERIAN,1,0,0,0,0,0,33,34,2020,2083363,0.0016,Integrated Minorities
NOGAAJ,0,3,0,0,0,0,0,3,2020,2083363,0.0001,Integrated Minorities
NORWEGIAN,15,0,0,0,0,0,267,282,2020,2083363,0.0135,Integrated Minorities
NETZ,1,0,0,0,0,0,1,2,2020,2083363,0.0001,Integrated Minorities
OSETINE,102,122,0,0,1,0,48,273,2020,2083363,0.0131,Integrated Minorities
PALESTINIAN ARAB,0,0,1,0,0,0,1,2,2020,2083363,0.0001,Integrated Minorities
PANAMANIAN,0,0,0,0,0,0,4,4,2020,2083363,0.0002,Integrated Minorities
PUNJABI,0,0,0,0,0,0,4,4,2020,2083363,0.0002,Integrated Minorities
PERSIAN,0,0,0,0,0,0,3,3,2020,2083363,0.0001,Integrated Minorities
PERUVIAN,0,0,0,0,0,0,18,18,2020,2083363,0.0009,Integrated Minorities
POLIS,33382,7617,0,3,0,0,1806,42808,2020,2083363,2.0548,Integrated Minorities
PORTUGAL,9,0,0,0,0,0,159,168,2020,2083363,0.0081,Integrated Minorities
PUNJAB,0,0,0,0,3,0,1,4,2020,2083363,0.0002,Integrated Minorities
ROMANIAN,217,228,0,0,0,0,327,772,2020,2083363,0.0371,Integrated Minorities
BALL,0,2,0,0,0,0,0,2,2020,2083363,0.0001,Integrated Minorities
SALVADORIANS,0,0,0,0,0,0,4,4,2020,2083363,0.0002,Integrated Minorities
SELKUP,0,1,0,0,0,0,0,1,2020,2083363,0.0,Integrated Minorities
SERBIAN,20,2,0,0,0,0,40,62,2020,2083363,0.003,Integrated Minorities
SINDS,0,0,0,0,0,0,1,1,2020,2083363,0.0,Integrated Minorities
SINGULAR,1,0,1,0,1,0,27,30,2020,2083363,0.0014,Integrated Minorities
SYRIAN,8,1,235,0,5,0,37,286,2020,2083363,0.0137,Integrated Minorities
SCOT,9,0,0,0,0,0,17,26,2020,2083363,0.0012,Integrated Minorities
SLOVAK,23,11,0,0,0,0,103,137,2020,2083363,0.0066,Integrated Minorities
SLOVENIAN,3,0,0,0,0,0,19,22,2020,2083363,0.0011,Integrated Minorities
FINN,185,79,0,0,0,0,498,762,2020,2083363,0.0366,Integrated Minorities
SPANIARD,18,7,1,0,0,0,374,400,2020,2083363,0.0192,Integrated Minorities
SHORE,1,3,0,0,0,0,1,5,2020,2083363,0.0002,Integrated Minorities
SWISS,12,2,0,0,0,0,87,101,2020,2083363,0.0048,Integrated Minorities
TABASARANS,4,1,0,0,0,0,1,6,2020,2083363,0.0003,Integrated Minorities
TAJIKISTAN,51,26,13,0,12,0,211,313,2020,2083363,0.015,Integrated Minorities
TALISH,0,0,0,0,0,0,1,1,2020,2083363,0.0,Integrated Minorities
TAMIL,0,0,0,0,0,0,2,2,2020,2083363,0.0001,Integrated Minorities
TATAR,827,961,0,0,0,0,551,2339,2020,2083363,0.1123,Integrated Minorities
TATS,9,5,0,0,0,0,1,15,2020,2083363,0.0007,Integrated Minorities
TELEUT,0,1,0,0,0,0,0,1,2020,2083363,0.0,Integrated Minorities
TUNISIAN,2,0,0,0,0,0,8,10,2020,2083363,0.0005,Integrated Minorities
TURKMONTH,19,15,0,0,0,0,71,105,2020,2083363,0.005,Integrated Minorities
TURK,43,3,0,0,20,0,433,499,2020,2083363,0.024,Integrated Minorities
APPROACHING,1,0,0,0,0,0,1,2,2020,2083363,0.0001,Integrated Minorities
UDMURT,45,137,0,1,0,0,38,221,2020,2083363,0.0106,Integrated Minorities
UDS,7,11,0,0,0,0,8,26,2020,2083363,0.0012,Integrated Minorities
UYGHUR,5,2,0,0,2,0,36,45,2020,2083363,0.0022,Integrated Minorities
UKRAINIAN,18108,21491,0,16,0,0,11235,50850,2020,2083363,2.4408,Integrated Minorities
HUNGARY,135,87,0,0,0,0,86,308,2020,2083363,0.0148,Integrated Minorities
URUGUAYAN,0,0,0,0,0,0,4,4,2020,2083363,0.0002,Integrated Minorities
UZBEK,92,109,6,1,2,0,1951,2161,2020,2083363,0.1037,Integrated Minorities
WALLOON,1,0,0,0,0,0,6,7,2020,2083363,0.0003,Integrated Minorities
GERMAN,2100,917,0,0,1,0,2235,5253,2020,2083363,0.2521,Integrated Minorities
WELSHMAN,0,0,0,0,0,0,6,6,2020,2083363,0.0003,Integrated Minorities
VENEER,4,0,0,0,0,0,17,21,2020,2083363,0.001,Integrated Minorities
VEPSS,1,3,0,0,0,0,2,6,2020,2083363,0.0003,Integrated Minorities
VIETNAMESE,8,0,0,0,0,0,391,399,2020,2083363,0.0192,Integrated Minorities
SWEDE,35,4,0,0,0,0,639,678,2020,2083363,0.0325,Integrated Minorities
ABAZ,2,3,0,0,0,0,0,5,2021,2069089,0.0002,Integrated Minorities
ABHAHAZ,12,13,0,0,0,0,8,33,2021,2069089,0.0016,Integrated Minorities
ADIGEAN,2,6,0,0,0,0,3,11,2021,2069089,0.0005,Integrated Minorities
AFGHAN,17,1,18,0,12,0,20,68,2021,2069089,0.0033,Integrated Minorities
AFRIKANDS,3,0,0,0,0,0,2,5,2021,2069089,0.0002,Integrated Minorities
AGULS,7,8,0,0,0,0,18,33,2021,2069089,0.0016,Integrated Minorities
ALBANON,1,0,0,0,0,0,19,20,2021,2069089,0.001,Integrated Minorities
ALTAIC,1,3,0,0,0,0,1,5,2021,2069089,0.0002,Integrated Minorities
ALGERIAN,5,0,0,0,0,0,18,23,2021,2069089,0.0011,Integrated Minorities
AMERICAN,78,0,0,0,0,0,414,492,2021,2069089,0.0238,Integrated Minorities
ENGLISHMAN,90,1,0,0,0,0,816,907,2021,2069089,0.0438,Integrated Minorities
ARABIC,12,6,25,0,9,0,19,71,2021,2069089,0.0034,Integrated Minorities
ARGENTINE,4,0,0,0,0,0,21,25,2021,2069089,0.0012,Integrated Minorities
ARMENIAN,1211,699,0,6,1,0,686,2603,2021,2069089,0.1258,Integrated Minorities
ASSYRIAN,5,2,0,0,0,0,6,13,2021,2069089,0.0006,Integrated Minorities
AUSTRALIAN,15,0,0,0,0,0,41,56,2021,2069089,0.0027,Integrated Minorities
AUSTRIAN,7,1,0,0,0,0,132,140,2021,2069089,0.0068,Integrated Minorities
CRASH,34,22,0,1,0,0,21,78,2021,2069089,0.0038,Integrated Minorities
AZERBAIJAN,643,657,1,2,6,0,783,2092,2021,2069089,0.1011,Integrated Minorities
BALKAR,0,2,0,0,0,0,8,10,2021,2069089,0.0005,Integrated Minorities
BELARUS,28143,28665,3,8,0,0,7041,63860,2021,2069089,3.0864,Integrated Minorities
BASHKIR,73,86,0,0,0,0,69,228,2021,2069089,0.011,Integrated Minorities
BALOCHISTAN,0,0,0,0,0,0,2,2,2021,2069089,0.0001,Integrated Minorities
BENGAL,0,0,2,0,0,0,11,13,2021,2069089,0.0006,Integrated Minorities
BENINIETIS,3,1,0,0,0,0,2,6,2021,2069089,0.0003,Integrated Minorities
BOLIVIAN,0,0,0,0,0,0,1,1,2021,2069089,0.0,Integrated Minorities
BOSNIAN,1,0,0,0,0,0,5,6,2021,2069089,0.0003,Integrated Minorities
BRAZILIAN,5,0,0,0,0,0,78,83,2021,2069089,0.004,Integrated Minorities
BULGARIAN,177,112,0,0,0,0,809,1098,2021,2069089,0.0531,Integrated Minorities
BURYAT,17,12,0,0,0,0,6,35,2021,2069089,0.0017,Integrated Minorities
CAHURS,3,2,0,1,0,0,3,9,2021,2069089,0.0004,Integrated Minorities
CHECHEN,84,33,2,1,0,0,72,192,2021,2069089,0.0093,Integrated Minorities
CZECH REPUBLIC,56,9,0,0,0,0,171,236,2021,2069089,0.0114,Integrated Minorities
CHURCHES,7,4,0,0,0,0,4,15,2021,2069089,0.0007,Integrated Minorities
GYPSY,6214,299,0,8,2,0,45,6568,2021,2069089,0.3174,Integrated Minorities
GYPSY (ROM),266,0,0,2,0,0,6,274,2021,2069089,0.0132,Integrated Minorities
CHILEAN,1,0,0,0,0,0,10,11,2021,2069089,0.0005,Integrated Minorities
CHUKCH,0,2,0,0,0,0,0,2,2021,2069089,0.0001,Integrated Minorities
CHUVASH,130,290,0,0,0,0,145,565,2021,2069089,0.0273,Integrated Minorities
DARGINS,16,6,0,0,0,0,3,25,2021,2069089,0.0012,Integrated Minorities
DANE,38,0,0,0,0,0,350,388,2021,2069089,0.0188,Integrated Minorities
DUNGANS,0,0,0,0,0,0,3,3,2021,2069089,0.0001,Integrated Minorities
JEW,5687,1782,0,2,2,0,614,8087,2021,2069089,0.3908,Integrated Minorities
ECUADORIAN,0,0,0,0,0,0,6,6,2021,2069089,0.0003,Integrated Minorities
EVENKS,2,1,0,0,0,0,0,3,2021,2069089,0.0001,Integrated Minorities
EVENS,0,0,0,0,0,0,1,1,2021,2069089,0.0,Integrated Minorities
EGYPTIAN,11,0,0,0,5,0,149,165,2021,2069089,0.008,Integrated Minorities
FARCE,0,0,0,0,0,0,1,1,2021,2069089,0.0,Integrated Minorities
FLEMISH,1,0,0,0,0,0,13,14,2021,2069089,0.0007,Integrated Minorities
FRENCHMAN,55,0,0,0,0,0,750,805,2021,2069089,0.0389,Integrated Minorities
GAGAUZ,36,37,0,0,0,0,18,91,2021,2069089,0.0044,Integrated Minorities
GREEK,195,69,0,1,0,0,134,399,2021,2069089,0.0193,Integrated Minorities
GEORGIA,520,293,0,2,1,0,468,1284,2021,2069089,0.0621,Integrated Minorities
HAKASIAN,1,2,0,0,0,0,5,8,2021,2069089,0.0004,Integrated Minorities
HANTS,0,4,0,0,0,0,1,5,2021,2069089,0.0002,Integrated Minorities
HINDUSTAN,1,0,0,0,0,0,1,2,2021,2069089,0.0001,Integrated Minorities
DUTCHMAN,22,3,0,0,0,0,186,211,2021,2069089,0.0102,Integrated Minorities
CROATIA,7,5,0,0,0,0,56,68,2021,2069089,0.0033,Integrated Minorities
HUTU,0,0,0,0,0,0,1,1,2021,2069089,0.0,Integrated Minorities
ESTONIAN,1184,265,0,2,0,0,668,2119,2021,2069089,0.1024,Integrated Minorities
INDIAN,20,0,0,0,0,0,2093,2113,2021,2069089,0.1021,Integrated Minorities
INGUSH,9,9,0,0,0,0,10,28,2021,2069089,0.0014,Integrated Minorities
IRAQI,1,0,6,0,12,0,61,80,2021,2069089,0.0039,Integrated Minorities
IRAN,3,1,6,1,11,0,64,86,2021,2069089,0.0042,Integrated Minorities
ICELANDIC,6,0,0,0,0,0,41,47,2021,2069089,0.0023,Integrated Minorities
ITALIAN,100,1,0,0,0,0,752,853,2021,2069089,0.0412,Integrated Minorities
IZOR,0,1,0,0,0,0,1,2,2021,2069089,0.0001,Integrated Minorities
IRISH,18,0,0,0,0,0,105,123,2021,2069089,0.0059,Integrated Minorities
YAKUTS,10,9,0,0,0,0,18,37,2021,2069089,0.0018,Integrated Minorities
JAPAN,3,0,0,0,0,0,41,44,2021,2069089,0.0021,Integrated Minorities
NEW ZEALANDER,3,0,0,0,0,0,19,22,2021,2069089,0.0011,Integrated Minorities
YEZID,1,1,0,0,0,0,2,4,2021,2069089,0.0002,Integrated Minorities
KABARD,10,9,0,0,0,0,7,26,2021,2069089,0.0013,Integrated Minorities
CALMISH,9,6,0,0,0,0,23,38,2021,2069089,0.0018,Integrated Minorities
CANUCK,12,0,0,0,0,0,91,103,2021,2069089,0.005,Integrated Minorities
KARAČAYAN,4,3,0,0,0,0,2,9,2021,2069089,0.0004,Integrated Minorities
CHARITY,3,1,0,0,0,0,0,4,2021,2069089,0.0002,Integrated Minorities
KARAKALPAKS,0,0,0,0,0,0,8,8,2021,2069089,0.0004,Integrated Minorities
KAREL,67,83,0,0,0,0,26,176,2021,2069089,0.0085,Integrated Minorities
KAZAKHS,87,77,3,0,1,0,442,610,2021,2069089,0.0295,Integrated Minorities
KYRGYZ,6,7,0,1,2,0,49,65,2021,2069089,0.0031,Integrated Minorities
COLOMBIAN,4,0,0,0,0,0,17,21,2021,2069089,0.001,Integrated Minorities
COMET,62,102,0,0,0,0,40,204,2021,2069089,0.0099,Integrated Minorities
KOMIET PERMIETIS,17,20,0,0,0,0,8,45,2021,2069089,0.0022,Integrated Minorities
KOREAN,86,47,0,0,0,0,143,276,2021,2069089,0.0133,Integrated Minorities
CORYAC,0,1,0,0,0,0,0,1,2021,2069089,0.0,Integrated Minorities
COSTA RICAN,0,0,0,0,0,0,1,1,2021,2069089,0.0,Integrated Minorities
COSTA RICAN,0,0,0,0,0,0,1,1,2021,2069089,0.0,Integrated Minorities
COSTA RICAN,1,0,0,0,0,0,0,1,2021,2069089,0.0,Integrated Minorities
COSTA RICAN,1,0,0,0,0,0,0,1,2021,2069089,0.0,Integrated Minorities
RUSSIAN,341340,136909,9,93,46,0,43738,522135,2021,2069089,25.235,Large Historical Minority
CRIMEAN TATAR,3,0,0,0,0,0,3,6,2021,2069089,0.0003,Integrated Minorities
KRIMCHAK,2,0,0,0,0,0,1,3,2021,2069089,0.0001,Integrated Minorities
CUBAN,16,1,0,0,0,0,24,41,2021,2069089,0.002,Integrated Minorities
COMIC,8,15,0,0,0,0,9,32,2021,2069089,0.0015,Integrated Minorities
KURDISH,4,0,73,0,13,0,10,100,2021,2069089,0.0048,Integrated Minorities
CHINESE,7,2,0,0,0,0,863,872,2021,2069089,0.0421,Integrated Minorities
LAX,18,22,0,0,0,0,6,46,2021,2069089,0.0022,Integrated Minorities
LAOTIAN,1,0,0,0,0,0,0,1,2021,2069089,0.0,Integrated Minorities
LATVIAN,1252662,470,0,1,0,0,1119,1254252,2021,2069089,60.6186,Latvians
LAZS,4,0,0,0,0,0,0,4,2021,2069089,0.0002,Integrated Minorities
LEZGIN,82,117,0,1,0,0,66,266,2021,2069089,0.0129,Integrated Minorities
LEBANESE,30,3,0,0,5,0,47,85,2021,2069089,0.0041,Integrated Minorities
LITHUANIAN,16410,5026,0,1,0,0,3483,24920,2021,2069089,1.2044,Integrated Minorities
LIVONIAN,153,0,0,0,0,0,0,153,2021,2069089,0.0074,Integrated Minorities
LIVONIAN (LIV),13,0,0,0,0,0,0,13,2021,2069089,0.0006,Integrated Minorities
LIBYAN ARAB,0,0,0,0,0,0,3,3,2021,2069089,0.0001,Integrated Minorities
LUXEMBOURGISH,0,0,0,0,0,0,7,7,2021,2069089,0.0003,Integrated Minorities
MACEDONIAN,3,0,0,0,0,0,12,15,2021,2069089,0.0007,Integrated Minorities
MALAYSIAN,1,0,0,0,0,0,8,9,2021,2069089,0.0004,Integrated Minorities
MALTESE,1,0,0,0,0,0,10,11,2021,2069089,0.0005,Integrated Minorities
MARIETIS,62,117,0,0,0,0,50,229,2021,2069089,0.0111,Integrated Minorities
MOROCCAN,0,0,0,0,0,0,25,25,2021,2069089,0.0012,Integrated Minorities
MEXICAN,6,0,0,0,0,0,35,41,2021,2069089,0.002,Integrated Minorities
MONTENEGRIN,3,1,0,0,0,0,2,6,2021,2069089,0.0003,Integrated Minorities
MOLDAVIA,669,708,0,2,0,0,433,1812,2021,2069089,0.0876,Integrated Minorities
MONGOLIAN,2,0,0,0,0,0,11,13,2021,2069089,0.0006,Integrated Minorities
MORTAR SITE,129,215,0,0,0,0,108,452,2021,2069089,0.0218,Integrated Minorities
NAGAIBAK,2,0,0,0,0,0,1,3,2021,2069089,0.0001,Integrated Minorities
UNSELECTED,48160,771,43,0,3,0,588,49565,2021,2069089,2.3955,Integrated Minorities
NEPALIAN,1,0,0,0,0,0,59,60,2021,2069089,0.0029,Integrated Minorities
UNKNOWN,1714,60,12,2,6,0,5281,7075,2021,2069089,0.3419,Integrated Minorities
NIGERIAN,1,0,0,0,0,0,31,32,2021,2069089,0.0015,Integrated Minorities
NOGAAJ,0,3,0,0,0,0,0,3,2021,2069089,0.0001,Integrated Minorities
NORWEGIAN,16,0,0,0,0,0,265,281,2021,2069089,0.0136,Integrated Minorities
NETZ,1,0,0,0,0,0,0,1,2021,2069089,0.0,Integrated Minorities
OSETINE,103,118,0,0,1,0,45,267,2021,2069089,0.0129,Integrated Minorities
PALESTINIAN ARAB,0,0,1,0,0,0,1,2,2021,2069089,0.0001,Integrated Minorities
PANAMANIAN,0,0,0,0,0,0,4,4,2021,2069089,0.0002,Integrated Minorities
PUNJABI,0,0,0,0,0,0,2,2,2021,2069089,0.0001,Integrated Minorities
PERSIAN,0,0,0,0,0,0,2,2,2021,2069089,0.0001,Integrated Minorities
PERUVIAN,0,0,0,0,0,0,18,18,2021,2069089,0.0009,Integrated Minorities
POLIS,32883,7351,0,3,0,0,1828,42065,2021,2069089,2.033,Integrated Minorities
PORTUGAL,11,0,0,0,0,0,164,175,2021,2069089,0.0085,Integrated Minorities
PUNJAB,0,0,0,0,3,0,1,4,2021,2069089,0.0002,Integrated Minorities
ROMANIAN,215,225,0,0,0,0,351,791,2021,2069089,0.0382,Integrated Minorities
BALL,0,2,0,0,0,0,1,3,2021,2069089,0.0001,Integrated Minorities
SALVADORIANS,0,0,0,0,0,0,4,4,2021,2069089,0.0002,Integrated Minorities
SELKUP,0,1,0,0,0,0,0,1,2021,2069089,0.0,Integrated Minorities
SERBIAN,19,2,0,0,0,0,48,69,2021,2069089,0.0033,Integrated Minorities
SINDS,0,0,0,0,0,0,2,2,2021,2069089,0.0001,Integrated Minorities
SINGULAR,1,0,1,0,1,0,29,32,2021,2069089,0.0015,Integrated Minorities
SYRIAN,7,1,212,0,5,0,33,258,2021,2069089,0.0125,Integrated Minorities
SCOT,10,0,0,0,0,0,22,32,2021,2069089,0.0015,Integrated Minorities
SLOVAK,24,10,0,0,0,0,107,141,2021,2069089,0.0068,Integrated Minorities
SLOVENIAN,4,0,0,0,0,0,20,24,2021,2069089,0.0012,Integrated Minorities
FINN,185,74,0,0,0,0,499,758,2021,2069089,0.0366,Integrated Minorities
SPANIARD,19,7,0,0,0,0,396,422,2021,2069089,0.0204,Integrated Minorities
SHORE,1,3,0,0,0,0,1,5,2021,2069089,0.0002,Integrated Minorities
SWISS,13,2,0,0,0,0,98,113,2021,2069089,0.0055,Integrated Minorities
TABASARANS,4,1,0,0,0,0,0,5,2021,2069089,0.0002,Integrated Minorities
TAJIKISTAN,50,26,13,0,12,0,184,285,2021,2069089,0.0138,Integrated Minorities
TALISH,0,0,0,0,0,0,1,1,2021,2069089,0.0,Integrated Minorities
TAMIL,0,0,0,0,0,0,1,1,2021,2069089,0.0,Integrated Minorities
TATAR,820,940,0,0,0,0,551,2311,2021,2069089,0.1117,Integrated Minorities
TATS,9,5,0,0,0,0,1,15,2021,2069089,0.0007,Integrated Minorities
TELEUT,0,1,0,0,0,0,0,1,2021,2069089,0.0,Integrated Minorities
TUNISIAN,2,0,0,0,0,0,9,11,2021,2069089,0.0005,Integrated Minorities
TURKMONTH,18,14,0,0,0,0,72,104,2021,2069089,0.005,Integrated Minorities
TURK,49,3,0,0,22,0,425,499,2021,2069089,0.0241,Integrated Minorities
APPROACHING,1,0,0,0,0,0,1,2,2021,2069089,0.0001,Integrated Minorities
UDMURT,46,132,0,1,0,0,37,216,2021,2069089,0.0104,Integrated Minorities
UDS,8,11,0,0,0,0,8,27,2021,2069089,0.0013,Integrated Minorities
UYGHUR,5,2,0,0,1,0,30,38,2021,2069089,0.0018,Integrated Minorities
UKRAINIAN,18059,20760,1,17,0,0,11368,50205,2021,2069089,2.4264,Integrated Minorities
HUNGARY,134,83,0,0,0,0,93,310,2021,2069089,0.015,Integrated Minorities
URUGUAYAN,0,0,0,0,0,0,4,4,2021,2069089,0.0002,Integrated Minorities
UZBEK,94,106,5,1,2,0,2026,2234,2021,2069089,0.108,Integrated Minorities
WALLOON,1,0,0,0,0,0,6,7,2021,2069089,0.0003,Integrated Minorities
GERMAN,2109,896,0,0,1,0,2285,5291,2021,2069089,0.2557,Integrated Minorities
WELSHMAN,0,0,0,0,0,0,6,6,2021,2069089,0.0003,Integrated Minorities
VENEER,4,0,0,0,0,0,18,22,2021,2069089,0.0011,Integrated Minorities
VEPSS,1,3,0,0,0,0,1,5,2021,2069089,0.0002,Integrated Minorities
VIETNAMESE,7,0,0,0,0,0,443,450,2021,2069089,0.0217,Integrated Minorities
SWEDE,36,4,0,0,0,0,626,666,2021,2069089,0.0322,Integrated Minorities
ABAZ,2,3,0,0,0,1,2,8,2022,2050184,0.0004,Integrated Minorities
ABHAHAZ,12,10,0,0,0,0,8,30,2022,2050184,0.0015,Integrated Minorities
ADIGEAN,2,6,0,0,0,0,4,12,2022,2050184,0.0006,Integrated Minorities
AFGHAN,16,1,18,0,76,0,12,123,2022,2050184,0.006,Split Status Groups
AFRIKANDS,3,0,0,0,0,0,4,7,2022,2050184,0.0003,Integrated Minorities
AGULS,8,6,0,0,0,0,18,32,2022,2050184,0.0016,Integrated Minorities
ALBANON,3,0,0,0,0,0,23,26,2022,2050184,0.0013,Integrated Minorities
ALTAIC,0,3,0,0,1,0,0,4,2022,2050184,0.0002,Integrated Minorities
ALGERIAN,6,0,0,0,0,0,24,30,2022,2050184,0.0015,Integrated Minorities
AMERICAN,85,0,0,0,0,1,452,538,2022,2050184,0.0262,Integrated Minorities
ENGLISHMAN,101,1,0,0,0,0,851,953,2022,2050184,0.0465,Integrated Minorities
ARABIC,12,6,17,0,10,0,25,70,2022,2050184,0.0034,Integrated Minorities
ARGENTINE,3,0,0,0,0,0,23,26,2022,2050184,0.0013,Integrated Minorities
ARMENIAN,1226,615,0,6,0,23,704,2574,2022,2050184,0.1255,Integrated Minorities
ASSYRIAN,6,2,0,0,0,0,6,14,2022,2050184,0.0007,Integrated Minorities
AUSTRALIAN,19,0,0,0,0,0,46,65,2022,2050184,0.0032,Integrated Minorities
AUSTRIAN,7,0,0,0,0,0,135,142,2022,2050184,0.0069,Integrated Minorities
CRASH,34,17,0,1,0,0,21,73,2022,2050184,0.0036,Integrated Minorities
AZERBAIJAN,658,563,1,2,6,9,781,2020,2022,2050184,0.0985,Integrated Minorities
BALKAR,0,2,0,0,0,0,8,10,2022,2050184,0.0005,Integrated Minorities
BELARUS,27477,26481,13,9,76,17,7297,61370,2022,2050184,2.9934,Split Status Groups
BASHKIR,73,72,0,0,0,0,68,213,2022,2050184,0.0104,Integrated Minorities
BALOCHISTAN,0,0,0,0,0,0,1,1,2022,2050184,0.0,Integrated Minorities
BENGAL,6,0,2,0,0,0,9,17,2022,2050184,0.0008,Integrated Minorities
BENINIETIS,3,1,0,0,0,0,1,5,2022,2050184,0.0002,Integrated Minorities
BOLIVIAN,0,0,0,0,0,0,1,1,2022,2050184,0.0,Integrated Minorities
BOSNIAN,1,0,0,0,0,0,4,5,2022,2050184,0.0002,Integrated Minorities
BRAZILIAN,6,0,0,0,0,1,84,91,2022,2050184,0.0044,Integrated Minorities
BULGARIAN,175,99,0,0,0,2,512,788,2022,2050184,0.0384,Integrated Minorities
BURYAT,17,11,0,0,0,0,7,35,2022,2050184,0.0017,Integrated Minorities
CAHURS,3,2,0,1,0,0,3,9,2022,2050184,0.0004,Integrated Minorities
CHECHEN,85,29,2,1,2,0,71,190,2022,2050184,0.0093,Integrated Minorities
CZECH REPUBLIC,56,8,0,0,0,0,160,224,2022,2050184,0.0109,Integrated Minorities
CHURCHES,7,3,0,0,0,0,4,14,2022,2050184,0.0007,Integrated Minorities
GYPSY,6022,261,0,8,2,0,42,6335,2022,2050184,0.309,Integrated Minorities
GYPSY (ROM),337,0,0,2,0,3,7,349,2022,2050184,0.017,Integrated Minorities
CHILEAN,1,0,0,0,0,0,11,12,2022,2050184,0.0006,Integrated Minorities
CHUKCH,0,2,0,0,0,0,0,2,2022,2050184,0.0001,Integrated Minorities
CHUVASH,119,272,0,0,0,1,136,528,2022,2050184,0.0258,Integrated Minorities
DARGINS,15,5,0,0,0,0,4,24,2022,2050184,0.0012,Integrated Minorities
DANE,39,0,0,0,0,0,354,393,2022,2050184,0.0192,Integrated Minorities
DUNGANS,0,0,0,0,0,0,2,2,2022,2050184,0.0001,Integrated Minorities
JEW,5571,1232,0,1,3,6,625,7438,2022,2050184,0.3628,Integrated Minorities
ECUADORIAN,0,0,0,0,0,0,8,8,2022,2050184,0.0004,Integrated Minorities
EVENKS,2,1,0,0,0,0,0,3,2022,2050184,0.0001,Integrated Minorities
EVENS,0,0,0,0,0,0,1,1,2022,2050184,0.0,Integrated Minorities
EGYPTIAN,11,0,0,0,5,0,171,187,2022,2050184,0.0091,Integrated Minorities
FARCE,0,0,0,0,0,0,1,1,2022,2050184,0.0,Integrated Minorities
FLEMISH,2,0,0,0,0,0,14,16,2022,2050184,0.0008,Integrated Minorities
FRENCHMAN,57,0,0,0,0,0,766,823,2022,2050184,0.0401,Integrated Minorities
GAGAUZ,36,33,0,0,0,0,15,84,2022,2050184,0.0041,Integrated Minorities
GREEK,195,57,0,1,0,0,149,402,2022,2050184,0.0196,Integrated Minorities
GEORGIA,532,274,0,2,1,5,514,1328,2022,2050184,0.0648,Integrated Minorities
HAKASIAN,1,2,0,0,0,0,4,7,2022,2050184,0.0003,Integrated Minorities
HANTS,0,4,0,0,0,0,1,5,2022,2050184,0.0002,Integrated Minorities
HINDUSTAN,1,0,0,0,0,0,1,2,2022,2050184,0.0001,Integrated Minorities
DUTCHMAN,22,2,0,0,0,0,178,202,2022,2050184,0.0099,Integrated Minorities
CROATIA,7,4,0,0,0,0,70,81,2022,2050184,0.004,Integrated Minorities
HUTU,0,0,0,0,0,0,1,1,2022,2050184,0.0,Integrated Minorities
ESTONIAN,1133,234,0,0,0,0,645,2012,2022,2050184,0.0981,Integrated Minorities
INDIAN,25,0,0,0,0,1,2218,2244,2022,2050184,0.1095,Integrated Minorities
INGUSH,9,9,0,0,0,0,15,33,2022,2050184,0.0016,Integrated Minorities
IRAQI,1,0,6,0,12,0,39,58,2022,2050184,0.0028,Integrated Minorities
IRAN,4,1,5,1,10,0,83,104,2022,2050184,0.0051,Integrated Minorities
ICELANDIC,7,0,0,0,0,0,34,41,2022,2050184,0.002,Integrated Minorities
ITALIAN,98,1,0,0,0,0,846,945,2022,2050184,0.0461,Integrated Minorities
IZOR,0,1,0,0,0,0,2,3,2022,2050184,0.0001,Integrated Minorities
IRISH,19,0,0,0,0,0,116,135,2022,2050184,0.0066,Integrated Minorities
YAKUTS,10,7,0,0,0,0,20,37,2022,2050184,0.0018,Integrated Minorities
JAPAN,4,0,0,0,0,1,46,51,2022,2050184,0.0025,Integrated Minorities
NEW ZEALANDER,3,0,0,0,0,0,14,17,2022,2050184,0.0008,Integrated Minorities
YEZID,1,0,0,0,0,0,0,1,2022,2050184,0.0,Integrated Minorities
KABARD,9,8,0,0,0,0,8,25,2022,2050184,0.0012,Integrated Minorities
CALMISH,9,6,0,0,0,0,25,40,2022,2050184,0.002,Integrated Minorities
CANUCK,11,0,0,0,0,0,91,102,2022,2050184,0.005,Integrated Minorities
KARAČAYAN,4,2,0,0,0,0,3,9,2022,2050184,0.0004,Integrated Minorities
CHARITY,3,1,0,0,0,0,0,4,2022,2050184,0.0002,Integrated Minorities
KARAKALPAKS,0,0,0,0,0,0,5,5,2022,2050184,0.0002,Integrated Minorities
KAREL,67,77,0,0,0,0,25,169,2022,2050184,0.0082,Integrated Minorities
KAZAKHS,87,73,3,0,1,0,387,551,2022,2050184,0.0269,Integrated Minorities
KYRGYZ,7,6,0,1,2,1,92,109,2022,2050184,0.0053,Integrated Minorities
COLOMBIAN,5,0,0,0,0,0,25,30,2022,2050184,0.0015,Integrated Minorities
COMET,62,96,0,0,0,0,40,198,2022,2050184,0.0097,Integrated Minorities
KOMIET PERMIETIS,17,20,0,0,0,0,8,45,2022,2050184,0.0022,Integrated Minorities
KOREAN,85,42,0,0,0,2,148,277,2022,2050184,0.0135,Integrated Minorities
COSTA RICAN,1,0,0,0,0,0,0,1,2022,2050184,0.0,Integrated Minorities
RUSSIAN,334937,125553,12,90,53,299,42502,503446,2022,2050184,24.5561,Large Historical Minority
CRIMEAN TATAR,3,0,0,0,0,0,8,11,2022,2050184,0.0005,Integrated Minorities
KRIMCHAK,1,0,0,0,0,0,1,2,2022,2050184,0.0001,Integrated Minorities
CUBAN,15,1,0,0,0,0,27,43,2022,2050184,0.0021,Integrated Minorities
COMIC,8,12,0,0,0,0,9,29,2022,2050184,0.0014,Integrated Minorities
KURDISH,4,0,75,0,14,0,15,108,2022,2050184,0.0053,Integrated Minorities
CHINESE,6,2,0,0,0,1,737,746,2022,2050184,0.0364,Integrated Minorities
LAX,20,18,0,0,0,0,6,44,2022,2050184,0.0021,Integrated Minorities
LAOTIAN,1,0,0,0,0,0,0,1,2022,2050184,0.0,Integrated Minorities
LATVIAN,1240055,424,0,1,0,18,1115,1241613,2022,2050184,60.5611,Latvians
LAZS,3,0,0,0,0,0,1,4,2022,2050184,0.0002,Integrated Minorities
LEZGIN,80,105,0,1,0,0,66,252,2022,2050184,0.0123,Integrated Minorities
LEBANESE,32,3,0,0,5,0,55,95,2022,2050184,0.0046,Integrated Minorities
LITHUANIAN,15970,4530,0,2,0,0,3405,23907,2022,2050184,1.1661,Integrated Minorities
LIVONIAN,151,0,0,0,0,0,0,151,2022,2050184,0.0074,Integrated Minorities
LIVONIAN (LIV),19,0,0,0,0,0,1,20,2022,2050184,0.001,Integrated Minorities
LIBYAN ARAB,0,0,0,0,0,0,3,3,2022,2050184,0.0001,Integrated Minorities
LUXEMBOURGISH,0,0,0,0,0,0,6,6,2022,2050184,0.0003,Integrated Minorities
MACEDONIAN,3,0,0,0,0,0,18,21,2022,2050184,0.001,Integrated Minorities
MALAYSIAN,1,0,0,0,0,0,8,9,2022,2050184,0.0004,Integrated Minorities
MALTESE,1,0,0,0,0,0,11,12,2022,2050184,0.0006,Integrated Minorities
MARIETIS,62,109,0,0,0,0,50,221,2022,2050184,0.0108,Integrated Minorities
MOROCCAN,0,0,0,0,0,0,27,27,2022,2050184,0.0013,Integrated Minorities
MEXICAN,9,0,0,0,0,0,44,53,2022,2050184,0.0026,Integrated Minorities
MONTENEGRIN,3,1,0,0,0,0,1,5,2022,2050184,0.0002,Integrated Minorities
MOLDAVIA,664,665,0,1,0,7,499,1836,2022,2050184,0.0896,Integrated Minorities
MONGOLIAN,2,0,0,0,0,0,11,13,2022,2050184,0.0006,Integrated Minorities
MORTAR SITE,129,189,0,0,0,0,102,420,2022,2050184,0.0205,Integrated Minorities
NAGAIBAK,2,0,0,0,0,0,0,2,2022,2050184,0.0001,Integrated Minorities
UNSELECTED,49817,680,33,6,3,270,666,51475,2022,2050184,2.5108,Integrated Minorities
NEPALIAN,1,0,0,0,0,0,52,53,2022,2050184,0.0026,Integrated Minorities
UNKNOWN,1681,53,15,2,8,3735,5939,11433,2022,2050184,0.5577,Integrated Minorities
NIGERIAN,0,0,0,0,0,0,37,37,2022,2050184,0.0018,Integrated Minorities
NOGAAJ,0,3,0,0,0,0,1,4,2022,2050184,0.0002,Integrated Minorities
NORWEGIAN,18,0,0,0,0,0,259,277,2022,2050184,0.0135,Integrated Minorities
NETZ,1,0,0,0,0,0,0,1,2022,2050184,0.0,Integrated Minorities
OSETINE,103,103,0,0,1,0,42,249,2022,2050184,0.0121,Integrated Minorities
PALESTINIAN ARAB,0,0,1,0,0,0,1,2,2022,2050184,0.0001,Integrated Minorities
PANAMANIAN,0,0,0,0,0,0,4,4,2022,2050184,0.0002,Integrated Minorities
PUNJABI,0,0,0,0,0,1,1,2,2022,2050184,0.0001,Integrated Minorities
PERSIAN,0,0,0,0,0,0,1,1,2022,2050184,0.0,Integrated Minorities
PERUVIAN,0,0,0,0,0,0,21,21,2022,2050184,0.001,Integrated Minorities
POLIS,31772,6825,0,3,0,7,1782,40389,2022,2050184,1.97,Integrated Minorities
PORTUGAL,11,0,0,0,0,0,161,172,2022,2050184,0.0084,Integrated Minorities
PUNJAB,0,0,0,0,3,0,1,4,2022,2050184,0.0002,Integrated Minorities
RHETORICAL NOVEL,0,0,0,0,0,0,1,1,2022,2050184,0.0,Integrated Minorities
ROMANIAN,218,216,0,0,0,0,337,771,2022,2050184,0.0376,Integrated Minorities
BALL,0,1,0,0,0,0,1,2,2022,2050184,0.0001,Integrated Minorities
SALVADORIANS,0,0,0,0,0,0,3,3,2022,2050184,0.0001,Integrated Minorities
SELKUP,0,1,0,0,0,0,0,1,2022,2050184,0.0,Integrated Minorities
SERBIAN,19,2,0,0,0,0,42,63,2022,2050184,0.0031,Integrated Minorities
SINDS,0,0,0,0,0,0,2,2,2022,2050184,0.0001,Integrated Minorities
SINGULAR,1,0,1,0,1,0,36,39,2022,2050184,0.0019,Integrated Minorities
SYRIAN,7,1,202,0,5,0,34,249,2022,2050184,0.0121,Integrated Minorities
SCOT,10,0,0,0,0,0,23,33,2022,2050184,0.0016,Integrated Minorities
SLOVAK,24,10,0,0,0,0,101,135,2022,2050184,0.0066,Integrated Minorities
SLOVENIAN,2,0,0,0,0,1,25,28,2022,2050184,0.0014,Integrated Minorities
FINN,185,61,0,0,0,0,510,756,2022,2050184,0.0369,Integrated Minorities
SPANIARD,23,7,0,0,0,0,386,416,2022,2050184,0.0203,Integrated Minorities
SHORE,1,3,0,0,0,0,1,5,2022,2050184,0.0002,Integrated Minorities
SWISS,13,1,0,0,0,0,91,105,2022,2050184,0.0051,Integrated Minorities
TABASARANS,4,1,0,0,0,0,0,5,2022,2050184,0.0002,Integrated Minorities
TAJIKISTAN,50,25,12,0,29,4,269,389,2022,2050184,0.019,Integrated Minorities
TALISH,0,0,0,0,1,0,0,1,2022,2050184,0.0,Integrated Minorities
TAMIL,0,0,0,0,0,0,1,1,2022,2050184,0.0,Integrated Minorities
TATAR,813,840,0,0,0,4,551,2208,2022,2050184,0.1077,Integrated Minorities
TATS,9,5,0,0,0,0,1,15,2022,2050184,0.0007,Integrated Minorities
TELEUT,0,1,0,0,0,0,0,1,2022,2050184,0.0,Integrated Minorities
TUNISIAN,2,0,0,0,0,0,13,15,2022,2050184,0.0007,Integrated Minorities
TURKMONTH,18,10,0,0,0,1,55,84,2022,2050184,0.0041,Integrated Minorities
TURK,49,3,0,0,27,1,556,636,2022,2050184,0.031,Integrated Minorities
APPROACHING,1,0,0,0,0,0,1,2,2022,2050184,0.0001,Integrated Minorities
UDMURT,45,118,0,1,0,0,35,199,2022,2050184,0.0097,Integrated Minorities
UDS,9,11,0,0,0,0,8,28,2022,2050184,0.0014,Integrated Minorities
UYGHUR,5,2,0,0,5,0,33,45,2022,2050184,0.0022,Integrated Minorities
UKRAINIAN,17903,19000,1,16,0,14168,11361,62449,2022,2050184,3.046,Protected Populations
HUNGARY,132,76,0,0,0,1,104,313,2022,2050184,0.0153,Integrated Minorities
URUGUAYAN,0,0,0,0,0,0,4,4,2022,2050184,0.0002,Integrated Minorities
UZBEK,92,98,5,1,4,9,2506,2715,2022,2050184,0.1324,Integrated Minorities
WALLOON,1,0,0,0,0,0,5,6,2022,2050184,0.0003,Integrated Minorities
GERMAN,2072,588,0,0,1,1,2277,4939,2022,2050184,0.2409,Integrated Minorities
WELSHMAN,0,0,0,0,0,0,5,5,2022,2050184,0.0002,Integrated Minorities
VENEER,4,0,0,0,0,0,19,23,2022,2050184,0.0011,Integrated Minorities
VEPSS,1,2,0,0,0,0,1,4,2022,2050184,0.0002,Integrated Minorities
VIETNAMESE,7,0,0,0,0,0,456,463,2022,2050184,0.0226,Integrated Minorities
SWEDE,39,3,0,0,0,0,559,601,2022,2050184,0.0293,Integrated Minorities
ABAZ,2,3,0,0,0,3,3,11,2023,2038755,0.0005,Integrated Minorities
ABHAHAZ,13,9,0,0,0,0,8,30,2023,2038755,0.0015,Integrated Minorities
ADIGEAN,2,5,0,0,0,0,4,11,2023,2038755,0.0005,Integrated Minorities
AFGHAN,14,1,10,0,122,0,14,161,2023,2038755,0.0079,Split Status Groups
AFRIKANDS,3,0,0,0,0,0,4,7,2023,2038755,0.0003,Integrated Minorities
AGULS,9,6,0,0,0,0,17,32,2023,2038755,0.0016,Integrated Minorities
ALBANON,4,0,0,0,0,0,26,30,2023,2038755,0.0015,Integrated Minorities
ALTAIC,0,3,0,0,1,0,0,4,2023,2038755,0.0002,Integrated Minorities
ALGERIAN,5,0,0,0,0,0,29,34,2023,2038755,0.0017,Integrated Minorities
AMERICAN,86,0,0,0,0,2,448,536,2023,2038755,0.0263,Integrated Minorities
ENGLISHMAN,110,1,0,0,0,0,856,967,2023,2038755,0.0474,Integrated Minorities
ARABIC,12,6,17,0,10,0,21,66,2023,2038755,0.0032,Integrated Minorities
ARGENTINE,3,0,0,0,0,0,25,28,2023,2038755,0.0014,Integrated Minorities
ARMENIAN,1216,593,0,5,0,44,682,2540,2023,2038755,0.1246,Integrated Minorities
ASSYRIAN,7,2,0,0,0,0,6,15,2023,2038755,0.0007,Integrated Minorities
AUSTRALIAN,16,0,0,0,0,0,44,60,2023,2038755,0.0029,Integrated Minorities
AUSTRIAN,7,0,0,0,0,0,135,142,2023,2038755,0.007,Integrated Minorities
CRASH,33,17,0,1,0,0,20,71,2023,2038755,0.0035,Integrated Minorities
AZERBAIJAN,654,546,1,2,6,18,813,2040,2023,2038755,0.1001,Integrated Minorities
BALKAR,0,2,0,0,0,0,8,10,2023,2038755,0.0005,Integrated Minorities
BELARUS,27040,25446,14,7,103,41,7098,59749,2023,2038755,2.9307,Split Status Groups
BASHKIR,73,70,0,0,0,0,64,207,2023,2038755,0.0102,Integrated Minorities
BALOCHISTAN,0,0,0,0,0,0,1,1,2023,2038755,0.0,Integrated Minorities
BENGAL,6,0,1,0,0,0,10,17,2023,2038755,0.0008,Integrated Minorities
BENINIETIS,3,1,0,0,0,0,1,5,2023,2038755,0.0002,Integrated Minorities
BOLIVIAN,0,0,0,0,0,0,1,1,2023,2038755,0.0,Integrated Minorities
BOSNIAN,1,0,0,0,0,0,6,7,2023,2038755,0.0003,Integrated Minorities
BRAZILIAN,6,0,0,0,0,1,90,97,2023,2038755,0.0048,Integrated Minorities
BULGARIAN,170,92,0,0,0,6,523,791,2023,2038755,0.0388,Integrated Minorities
BURYAT,15,11,0,0,0,0,7,33,2023,2038755,0.0016,Integrated Minorities
CAHURS,3,2,0,1,0,0,3,9,2023,2038755,0.0004,Integrated Minorities
CHECHEN,84,29,2,1,2,0,71,189,2023,2038755,0.0093,Integrated Minorities
CZECH REPUBLIC,56,7,0,0,0,0,157,220,2023,2038755,0.0108,Integrated Minorities
CHURCHES,7,3,0,0,0,0,4,14,2023,2038755,0.0007,Integrated Minorities
GYPSY,5829,245,0,8,2,0,40,6124,2023,2038755,0.3004,Integrated Minorities
GYPSY (ROM),384,0,0,2,0,5,6,397,2023,2038755,0.0195,Integrated Minorities
CHILEAN,1,0,0,0,0,0,14,15,2023,2038755,0.0007,Integrated Minorities
CHUKCH,0,2,0,0,0,0,0,2,2023,2038755,0.0001,Integrated Minorities
CHUVASH,116,266,0,0,0,0,134,516,2023,2038755,0.0253,Integrated Minorities
DARGINS,15,5,0,0,0,0,1,21,2023,2038755,0.001,Integrated Minorities
DANE,38,0,0,0,0,0,351,389,2023,2038755,0.0191,Integrated Minorities
DUNGANS,0,0,0,0,0,0,3,3,2023,2038755,0.0001,Integrated Minorities
JEW,5481,1191,0,1,4,6,654,7337,2023,2038755,0.3599,Integrated Minorities
ECUADORIAN,0,0,0,0,0,0,9,9,2023,2038755,0.0004,Integrated Minorities
EVENKS,2,1,0,0,0,0,0,3,2023,2038755,0.0001,Integrated Minorities
EVENS,0,0,0,0,0,0,1,1,2023,2038755,0.0,Integrated Minorities
EGYPTIAN,11,0,0,0,5,2,166,184,2023,2038755,0.009,Integrated Minorities
FARCE,0,0,0,0,0,0,1,1,2023,2038755,0.0,Integrated Minorities
FLEMISH,2,0,0,0,0,0,14,16,2023,2038755,0.0008,Integrated Minorities
FRENCHMAN,56,0,0,0,0,0,796,852,2023,2038755,0.0418,Integrated Minorities
GAGAUZ,34,33,0,0,0,1,14,82,2023,2038755,0.004,Integrated Minorities
GREEK,196,55,0,1,0,4,158,414,2023,2038755,0.0203,Integrated Minorities
GEORGIA,527,259,0,2,1,11,570,1370,2023,2038755,0.0672,Integrated Minorities
HAKASIAN,1,2,0,0,0,0,3,6,2023,2038755,0.0003,Integrated Minorities
HANTS,0,4,0,0,0,0,1,5,2023,2038755,0.0002,Integrated Minorities
HINDUSTAN,2,0,0,0,0,0,0,2,2023,2038755,0.0001,Integrated Minorities
DUTCHMAN,24,2,0,0,0,0,191,217,2023,2038755,0.0106,Integrated Minorities
CROATIA,6,4,0,0,0,0,72,82,2023,2038755,0.004,Integrated Minorities
ESTONIAN,1104,221,0,0,0,1,644,1970,2023,2038755,0.0966,Integrated Minorities
INDIAN,24,0,0,0,0,1,3009,3034,2023,2038755,0.1488,Integrated Minorities
INGUSH,10,8,0,0,0,0,16,34,2023,2038755,0.0017,Integrated Minorities
IRAQI,1,0,5,0,11,0,32,49,2023,2038755,0.0024,Integrated Minorities
IRAN,4,1,5,1,10,0,90,111,2023,2038755,0.0054,Integrated Minorities
ICELANDIC,7,0,0,0,0,0,35,42,2023,2038755,0.0021,Integrated Minorities
ITALIAN,94,1,0,0,0,0,914,1009,2023,2038755,0.0495,Integrated Minorities
IZOR,0,1,0,0,0,0,2,3,2023,2038755,0.0001,Integrated Minorities
IRISH,19,0,0,0,0,0,119,138,2023,2038755,0.0068,Integrated Minorities
YAKUTS,10,7,0,0,0,0,21,38,2023,2038755,0.0019,Integrated Minorities
JAPAN,4,0,0,0,0,1,41,46,2023,2038755,0.0023,Integrated Minorities
NEW ZEALANDER,3,0,0,0,0,0,14,17,2023,2038755,0.0008,Integrated Minorities
YEZID,1,0,0,0,0,0,0,1,2023,2038755,0.0,Integrated Minorities
KABARD,9,8,0,0,0,0,7,24,2023,2038755,0.0012,Integrated Minorities
CALMISH,9,6,0,0,0,0,22,37,2023,2038755,0.0018,Integrated Minorities
CANUCK,10,0,0,0,0,0,83,93,2023,2038755,0.0046,Integrated Minorities
KARAČAYAN,4,2,0,0,0,0,2,8,2023,2038755,0.0004,Integrated Minorities
CHARITY,3,1,0,0,0,0,0,4,2023,2038755,0.0002,Integrated Minorities
KARAKALPAKS,0,0,0,0,0,0,8,8,2023,2038755,0.0004,Integrated Minorities
KAREL,64,71,0,0,0,0,24,159,2023,2038755,0.0078,Integrated Minorities
KAZAKHS,88,73,3,0,1,2,410,577,2023,2038755,0.0283,Integrated Minorities
KYRGYZ,8,5,0,1,2,1,154,171,2023,2038755,0.0084,Integrated Minorities
COLOMBIAN,5,0,0,0,0,0,26,31,2023,2038755,0.0015,Integrated Minorities
COMET,60,91,0,0,0,1,39,191,2023,2038755,0.0094,Integrated Minorities
KOMIET PERMIETIS,16,20,0,0,0,0,8,44,2023,2038755,0.0022,Integrated Minorities
KOREAN,81,41,0,0,0,4,151,277,2023,2038755,0.0136,Integrated Minorities
COSTA RICAN,0,0,0,0,0,0,1,1,2023,2038755,0.0,Integrated Minorities
COSTA RICAN,0,0,0,0,0,0,1,1,2023,2038755,0.0,Integrated Minorities
COSTA RICAN,1,0,0,0,0,0,0,1,2023,2038755,0.0,Integrated Minorities
COSTA RICAN,1,0,0,0,0,0,0,1,2023,2038755,0.0,Integrated Minorities
RUSSIAN,329676,120796,12,91,69,482,40608,491734,2023,2038755,24.1193,Large Historical Minority
CRIMEAN TATAR,3,0,0,0,0,10,7,20,2023,2038755,0.001,Integrated Minorities
KRIMCHAK,1,0,0,0,0,0,0,1,2023,2038755,0.0,Integrated Minorities
CUBAN,14,1,0,0,0,1,27,43,2023,2038755,0.0021,Integrated Minorities
COMIC,9,12,0,0,0,0,10,31,2023,2038755,0.0015,Integrated Minorities
KURDISH,3,0,71,0,14,0,11,99,2023,2038755,0.0049,Integrated Minorities
CHINESE,3,2,0,0,0,1,674,680,2023,2038755,0.0334,Integrated Minorities
LAX,21,17,0,0,0,0,6,44,2023,2038755,0.0022,Integrated Minorities
LATVIAN,1230032,405,0,2,0,27,1127,1231593,2023,2038755,60.4091,Latvians
LAZS,3,0,0,0,0,0,0,3,2023,2038755,0.0001,Integrated Minorities
LEZGIN,81,104,0,1,0,0,58,244,2023,2038755,0.012,Integrated Minorities
LEBANESE,32,3,0,0,5,0,55,95,2023,2038755,0.0047,Integrated Minorities
LITHUANIAN,15674,4337,0,2,0,3,3400,23416,2023,2038755,1.1485,Integrated Minorities
LIVONIAN,146,0,0,0,0,0,0,146,2023,2038755,0.0072,Integrated Minorities
LIVONIAN (LIV),24,0,0,0,0,0,1,25,2023,2038755,0.0012,Integrated Minorities
LIBYAN ARAB,0,0,0,0,0,0,2,2,2023,2038755,0.0001,Integrated Minorities
LUXEMBOURGISH,0,0,0,0,0,0,6,6,2023,2038755,0.0003,Integrated Minorities
MACEDONIAN,2,0,0,0,0,0,14,16,2023,2038755,0.0008,Integrated Minorities
MALAYSIAN,1,0,0,0,0,0,11,12,2023,2038755,0.0006,Integrated Minorities
MALTESE,1,0,0,0,0,0,11,12,2023,2038755,0.0006,Integrated Minorities
MARIETIS,66,105,0,0,0,1,46,218,2023,2038755,0.0107,Integrated Minorities
MOROCCAN,0,0,0,0,0,1,30,31,2023,2038755,0.0015,Integrated Minorities
MEXICAN,9,0,0,0,0,0,43,52,2023,2038755,0.0026,Integrated Minorities
MONTENEGRIN,3,1,0,0,0,0,2,6,2023,2038755,0.0003,Integrated Minorities
MOLDAVIA,661,644,0,1,0,16,513,1835,2023,2038755,0.09,Integrated Minorities
MONGOLIAN,2,0,0,0,0,0,11,13,2023,2038755,0.0006,Integrated Minorities
MORTAR SITE,129,179,0,0,0,2,101,411,2023,2038755,0.0202,Integrated Minorities
NAGAIBAK,2,0,0,0,0,0,0,2,2023,2038755,0.0001,Integrated Minorities
UNSELECTED,50790,639,32,6,5,268,729,52469,2023,2038755,2.5736,Integrated Minorities
NEPALIAN,1,0,0,0,0,0,63,64,2023,2038755,0.0031,Integrated Minorities
UNKNOWN,1657,51,17,2,12,3927,6648,12314,2023,2038755,0.604,Integrated Minorities
NIGERIAN,1,0,0,0,0,0,44,45,2023,2038755,0.0022,Integrated Minorities
NOGAAJ,0,3,0,0,0,0,0,3,2023,2038755,0.0001,Integrated Minorities
NORWEGIAN,16,0,0,0,0,0,269,285,2023,2038755,0.014,Integrated Minorities
NETZ,1,0,0,0,0,0,0,1,2023,2038755,0.0,Integrated Minorities
OSETINE,103,98,0,0,2,1,44,248,2023,2038755,0.0122,Integrated Minorities
PALESTINIAN ARAB,0,0,1,0,0,0,0,1,2023,2038755,0.0,Integrated Minorities
PANAMANIAN,0,0,0,0,0,0,3,3,2023,2038755,0.0001,Integrated Minorities
PUNJABI,0,0,0,0,0,1,1,2,2023,2038755,0.0001,Integrated Minorities
PERSIAN,0,0,0,0,0,0,1,1,2023,2038755,0.0,Integrated Minorities
PERUVIAN,0,0,0,0,0,0,24,24,2023,2038755,0.0012,Integrated Minorities
POLIS,31075,6586,0,1,2,12,1775,39451,2023,2038755,1.9351,Integrated Minorities
PORTUGAL,13,0,0,0,0,0,169,182,2023,2038755,0.0089,Integrated Minorities
PUNJAB,0,0,0,0,6,0,2,8,2023,2038755,0.0004,Integrated Minorities
RHETORICAL NOVEL,0,0,0,0,0,0,1,1,2023,2038755,0.0,Integrated Minorities
ROMANIAN,214,209,0,0,0,0,351,774,2023,2038755,0.038,Integrated Minorities
BALL,0,1,0,0,0,0,1,2,2023,2038755,0.0001,Integrated Minorities
SALVADORIANS,0,0,0,0,0,0,3,3,2023,2038755,0.0001,Integrated Minorities
SELKUP,0,1,0,0,0,0,0,1,2023,2038755,0.0,Integrated Minorities
SERBIAN,17,2,0,0,0,0,46,65,2023,2038755,0.0032,Integrated Minorities
SINDS,0,0,0,0,0,0,2,2,2023,2038755,0.0001,Integrated Minorities
SINGULAR,1,0,1,0,1,0,43,46,2023,2038755,0.0023,Integrated Minorities
SYRIAN,6,1,192,0,5,0,42,246,2023,2038755,0.0121,Integrated Minorities
SCOT,11,0,0,0,0,0,26,37,2023,2038755,0.0018,Integrated Minorities
SLOVAK,24,9,0,0,0,0,106,139,2023,2038755,0.0068,Integrated Minorities
SLOVENIAN,2,0,0,0,0,1,26,29,2023,2038755,0.0014,Integrated Minorities
FINN,186,60,0,0,0,0,532,778,2023,2038755,0.0382,Integrated Minorities
SPANIARD,23,5,0,0,0,0,420,448,2023,2038755,0.022,Integrated Minorities
SHORE,1,2,0,0,0,0,1,4,2023,2038755,0.0002,Integrated Minorities
SWISS,13,1,0,0,0,0,92,106,2023,2038755,0.0052,Integrated Minorities
TABASARANS,4,1,0,0,0,0,0,5,2023,2038755,0.0002,Integrated Minorities
TAJIKISTAN,53,25,6,0,39,4,475,602,2023,2038755,0.0295,Integrated Minorities
TALISH,0,0,0,0,1,0,0,1,2023,2038755,0.0,Integrated Minorities
TAMIL,0,0,0,0,0,0,4,4,2023,2038755,0.0002,Integrated Minorities
TATAR,807,812,0,0,1,7,529,2156,2023,2038755,0.1058,Integrated Minorities
TATS,9,4,0,0,0,0,10,23,2023,2038755,0.0011,Integrated Minorities
TELEUT,0,1,0,0,0,0,0,1,2023,2038755,0.0,Integrated Minorities
TUNISIAN,2,0,0,0,0,0,31,33,2023,2038755,0.0016,Integrated Minorities
TURKMONTH,18,10,1,0,0,2,58,89,2023,2038755,0.0044,Integrated Minorities
TURK,49,2,0,0,27,3,643,724,2023,2038755,0.0355,Integrated Minorities
APPROACHING,1,0,0,0,0,0,1,2,2023,2038755,0.0001,Integrated Minorities
UDEHS,0,0,0,0,0,1,0,1,2023,2038755,0.0,Integrated Minorities
UDMURT,44,115,0,1,0,0,34,194,2023,2038755,0.0095,Integrated Minorities
UDS,9,11,0,0,0,0,8,28,2023,2038755,0.0014,Integrated Minorities
UYGHUR,4,2,0,0,5,0,34,45,2023,2038755,0.0022,Integrated Minorities
UKRAINIAN,17763,18325,3,15,0,25785,10180,72071,2023,2038755,3.535,Protected Populations
HUNGARY,133,74,0,0,0,1,109,317,2023,2038755,0.0155,Integrated Minorities
URUGUAYAN,0,0,0,0,0,0,5,5,2023,2038755,0.0002,Integrated Minorities
UZBEK,94,94,8,1,4,11,3242,3454,2023,2038755,0.1694,Integrated Minorities
WALLOON,1,0,0,0,0,0,6,7,2023,2038755,0.0003,Integrated Minorities
GERMAN,2055,560,0,0,1,1,2318,4935,2023,2038755,0.2421,Integrated Minorities
WELSHMAN,1,0,0,0,0,0,6,7,2023,2038755,0.0003,Integrated Minorities
VENEER,5,0,1,0,0,0,18,24,2023,2038755,0.0012,Integrated Minorities
VEPSS,1,2,0,0,0,0,1,4,2023,2038755,0.0002,Integrated Minorities
VIETNAMESE,8,0,0,0,0,0,497,505,2023,2038755,0.0248,Integrated Minorities
SWEDE,39,3,0,0,0,0,603,645,2023,2038755,0.0316,Integrated Minorities
ABAZ,3,3,0,0,0,4,2,12,2024,2021892,0.0006,Integrated Minorities
ABHAHAZ,13,9,0,0,0,0,8,30,2024,2021892,0.0015,Integrated Minorities
ADIGEAN,2,5,0,0,0,0,4,11,2024,2021892,0.0005,Integrated Minorities
AFGHAN,13,0,11,0,122,0,15,161,2024,2021892,0.008,Split Status Groups
AFRIKANDS,3,0,0,0,0,0,2,5,2024,2021892,0.0002,Integrated Minorities
AGULS,9,6,0,0,0,0,13,28,2024,2021892,0.0014,Integrated Minorities
ALBANON,5,0,0,0,0,0,28,33,2024,2021892,0.0016,Integrated Minorities
ALTAIC,0,3,0,0,1,0,0,4,2024,2021892,0.0002,Integrated Minorities
ALGERIAN,5,0,0,0,0,0,38,43,2024,2021892,0.0021,Integrated Minorities
AMERICAN,89,0,0,0,0,2,513,604,2024,2021892,0.0299,Integrated Minorities
ENGLISHMAN,115,1,0,0,0,0,881,997,2024,2021892,0.0493,Integrated Minorities
ARABIC,12,5,18,0,10,0,21,66,2024,2021892,0.0033,Integrated Minorities
ARGENTINE,3,0,0,0,0,0,25,28,2024,2021892,0.0014,Integrated Minorities
ARMENIAN,1234,571,0,4,0,47,677,2533,2024,2021892,0.1253,Integrated Minorities
ASSYRIAN,7,2,0,0,0,1,7,17,2024,2021892,0.0008,Integrated Minorities
AUSTRALIAN,23,0,0,0,0,0,50,73,2024,2021892,0.0036,Integrated Minorities
AUSTRIAN,5,0,0,0,0,0,133,138,2024,2021892,0.0068,Integrated Minorities
CRASH,33,16,0,1,0,0,17,67,2024,2021892,0.0033,Integrated Minorities
AZERBAIJAN,650,533,0,2,6,27,903,2121,2024,2021892,0.1049,Integrated Minorities
BALKAR,0,1,0,0,0,0,9,10,2024,2021892,0.0005,Integrated Minorities
BELARUS,26733,24508,13,7,102,55,6790,58208,2024,2021892,2.8789,Split Status Groups
BASHKIR,69,69,0,0,0,0,58,196,2024,2021892,0.0097,Integrated Minorities
BALOCHISTAN,0,0,0,0,0,0,1,1,2024,2021892,0.0,Integrated Minorities
BENGAL,6,0,2,0,0,0,11,19,2024,2021892,0.0009,Integrated Minorities
BENINIETIS,2,1,0,0,0,0,1,4,2024,2021892,0.0002,Integrated Minorities
BOLIVIAN,0,0,0,0,0,0,1,1,2024,2021892,0.0,Integrated Minorities
BOSNIAN,1,0,0,0,0,0,7,8,2024,2021892,0.0004,Integrated Minorities
BRAZILIAN,7,0,0,0,0,1,100,108,2024,2021892,0.0053,Integrated Minorities
BULGARIAN,171,92,0,0,0,7,526,796,2024,2021892,0.0394,Integrated Minorities
BURYAT,15,11,0,0,0,0,7,33,2024,2021892,0.0016,Integrated Minorities
CAHURS,3,2,0,1,0,0,4,10,2024,2021892,0.0005,Integrated Minorities
CHECHEN,85,27,2,2,2,0,70,188,2024,2021892,0.0093,Integrated Minorities
CZECH REPUBLIC,58,7,0,0,0,0,157,222,2024,2021892,0.011,Integrated Minorities
CHURCHES,7,3,0,0,0,0,5,15,2024,2021892,0.0007,Integrated Minorities
GYPSY,5656,239,0,8,2,0,34,5939,2024,2021892,0.2937,Integrated Minorities
GYPSY (ROM),419,0,0,2,0,19,6,446,2024,2021892,0.0221,Integrated Minorities
CHILEAN,1,0,0,0,0,0,17,18,2024,2021892,0.0009,Integrated Minorities
CHUKCH,0,2,0,0,0,0,0,2,2024,2021892,0.0001,Integrated Minorities
CHUVASH,119,259,0,0,0,0,123,501,2024,2021892,0.0248,Integrated Minorities
DARGINS,14,5,0,0,0,0,1,20,2024,2021892,0.001,Integrated Minorities
DANE,38,0,0,0,0,0,354,392,2024,2021892,0.0194,Integrated Minorities
DUNGANS,0,0,0,0,0,0,3,3,2024,2021892,0.0001,Integrated Minorities
JEW,5352,1128,0,1,4,8,663,7156,2024,2021892,0.3539,Integrated Minorities
ECUADORIAN,0,0,0,0,0,0,10,10,2024,2021892,0.0005,Integrated Minorities
EVENKS,2,1,0,0,0,0,0,3,2024,2021892,0.0001,Integrated Minorities
EVENS,0,0,0,0,0,0,1,1,2024,2021892,0.0,Integrated Minorities
EGYPTIAN,10,0,0,0,5,3,170,188,2024,2021892,0.0093,Integrated Minorities
FARCE,0,0,0,0,0,0,2,2,2024,2021892,0.0001,Integrated Minorities
FLEMISH,2,0,0,0,0,0,15,17,2024,2021892,0.0008,Integrated Minorities
FRENCHMAN,53,0,0,0,0,0,852,905,2024,2021892,0.0448,Integrated Minorities
GAGAUZ,32,31,0,0,0,2,18,83,2024,2021892,0.0041,Integrated Minorities
GREEK,193,53,0,1,0,5,192,444,2024,2021892,0.022,Integrated Minorities
GEORGIA,526,250,0,2,1,17,608,1404,2024,2021892,0.0694,Integrated Minorities
HAKASIAN,1,2,0,0,0,0,3,6,2024,2021892,0.0003,Integrated Minorities
HANTS,0,4,0,0,0,0,0,4,2024,2021892,0.0002,Integrated Minorities
HINDUSTAN,2,0,0,0,0,0,0,2,2024,2021892,0.0001,Integrated Minorities
DUTCHMAN,22,2,0,0,0,0,198,222,2024,2021892,0.011,Integrated Minorities
CROATIA,6,3,0,0,0,0,72,81,2024,2021892,0.004,Integrated Minorities
ESTONIAN,1081,210,0,0,0,1,640,1932,2024,2021892,0.0956,Integrated Minorities
INDIAN,24,0,0,0,0,2,4190,4216,2024,2021892,0.2085,Integrated Minorities
INGUSH,10,8,0,0,0,0,16,34,2024,2021892,0.0017,Integrated Minorities
IRAQI,1,0,4,0,11,0,30,46,2024,2021892,0.0023,Integrated Minorities
IRAN,4,1,4,1,9,0,77,96,2024,2021892,0.0047,Integrated Minorities
ICELANDIC,7,0,0,0,0,0,35,42,2024,2021892,0.0021,Integrated Minorities
ITALIAN,96,1,0,0,0,0,964,1061,2024,2021892,0.0525,Integrated Minorities
IZOR,0,1,0,0,0,0,1,2,2024,2021892,0.0001,Integrated Minorities
IRISH,20,0,0,0,0,0,130,150,2024,2021892,0.0074,Integrated Minorities
YAKUTS,11,6,0,0,0,0,20,37,2024,2021892,0.0018,Integrated Minorities
JAPAN,3,0,0,0,0,0,41,44,2024,2021892,0.0022,Integrated Minorities
NEW ZEALANDER,3,0,0,0,0,0,17,20,2024,2021892,0.001,Integrated Minorities
YEZID,1,0,0,0,0,0,0,1,2024,2021892,0.0,Integrated Minorities
KABARD,8,8,0,0,0,0,3,19,2024,2021892,0.0009,Integrated Minorities
CALMISH,9,6,0,0,0,0,22,37,2024,2021892,0.0018,Integrated Minorities
CANUCK,9,0,0,0,0,0,84,93,2024,2021892,0.0046,Integrated Minorities
KARAČAYAN,4,1,0,0,0,0,2,7,2024,2021892,0.0003,Integrated Minorities
CHARITY,2,1,0,0,0,0,0,3,2024,2021892,0.0001,Integrated Minorities
KARAKALPAKS,0,0,0,0,0,0,7,7,2024,2021892,0.0003,Integrated Minorities
KAREL,62,65,0,0,0,0,23,150,2024,2021892,0.0074,Integrated Minorities
CATALAN,0,0,0,0,0,0,1,1,2024,2021892,0.0,Integrated Minorities
KAZAKHS,91,71,3,0,1,4,444,614,2024,2021892,0.0304,Integrated Minorities
KYRGYZ,9,5,0,1,2,1,192,210,2024,2021892,0.0104,Integrated Minorities
COLOMBIAN,5,0,0,0,0,0,30,35,2024,2021892,0.0017,Integrated Minorities
COMET,62,89,0,0,0,1,35,187,2024,2021892,0.0092,Integrated Minorities
KOMIET PERMIETIS,15,20,0,0,0,0,7,42,2024,2021892,0.0021,Integrated Minorities
KOREAN,81,40,0,0,0,6,144,271,2024,2021892,0.0134,Integrated Minorities
COSTA RICAN,0,0,0,0,0,0,3,3,2024,2021892,0.0001,Integrated Minorities
COSTA RICAN,0,0,0,0,0,0,3,3,2024,2021892,0.0001,Integrated Minorities
COSTA RICAN,1,0,0,0,0,0,0,1,2024,2021892,0.0,Integrated Minorities
COSTA RICAN,1,0,0,0,0,0,0,1,2024,2021892,0.0,Integrated Minorities
RUSSIAN,325133,116344,17,91,82,581,36709,478957,2024,2021892,23.6886,Large Historical Minority
CRIMEAN TATAR,3,0,0,0,0,13,3,19,2024,2021892,0.0009,Integrated Minorities
KRIMCHAK,1,0,0,0,0,0,0,1,2024,2021892,0.0,Integrated Minorities
CUBAN,14,1,0,0,0,1,27,43,2024,2021892,0.0021,Integrated Minorities
COMIC,9,13,0,0,0,0,8,30,2024,2021892,0.0015,Integrated Minorities
KURDISH,3,0,71,0,13,0,8,95,2024,2021892,0.0047,Integrated Minorities
CHINESE,9,2,0,0,0,1,699,711,2024,2021892,0.0352,Integrated Minorities
LAX,20,17,0,0,0,0,5,42,2024,2021892,0.0021,Integrated Minorities
LATVIAN,1221478,395,0,2,0,30,1179,1223084,2024,2021892,60.4921,Latvians
LAZS,3,0,0,0,0,0,0,3,2024,2021892,0.0001,Integrated Minorities
LEZGIN,83,103,0,1,0,0,51,238,2024,2021892,0.0118,Integrated Minorities
LEBANESE,33,4,0,0,5,0,56,98,2024,2021892,0.0048,Integrated Minorities
LITHUANIAN,15438,4131,0,2,0,4,3394,22969,2024,2021892,1.136,Integrated Minorities
LIVONIAN,144,0,0,0,0,0,0,144,2024,2021892,0.0071,Integrated Minorities
LIVONIAN (LIV),27,0,0,0,0,0,1,28,2024,2021892,0.0014,Integrated Minorities
LIBYAN ARAB,0,0,0,0,0,0,4,4,2024,2021892,0.0002,Integrated Minorities
LUXEMBOURGISH,0,0,0,0,0,0,6,6,2024,2021892,0.0003,Integrated Minorities
MACEDONIAN,2,0,0,0,0,0,15,17,2024,2021892,0.0008,Integrated Minorities
MALAYSIAN,1,0,0,0,0,0,10,11,2024,2021892,0.0005,Integrated Minorities
MALTESE,2,0,0,0,0,0,11,13,2024,2021892,0.0006,Integrated Minorities
MARIETIS,66,104,0,0,0,0,40,210,2024,2021892,0.0104,Integrated Minorities
MOROCCAN,0,0,0,0,0,1,35,36,2024,2021892,0.0018,Integrated Minorities
MEXICAN,9,0,0,0,0,0,50,59,2024,2021892,0.0029,Integrated Minorities
MONTENEGRIN,3,1,0,0,0,0,2,6,2024,2021892,0.0003,Integrated Minorities
MOLDAVIA,651,629,0,1,0,24,485,1790,2024,2021892,0.0885,Integrated Minorities
MONGOLIAN,2,0,0,0,0,0,10,12,2024,2021892,0.0006,Integrated Minorities
MORTAR SITE,129,171,0,0,0,2,87,389,2024,2021892,0.0192,Integrated Minorities
NAGAIBAK,2,0,0,0,0,0,0,2,2024,2021892,0.0001,Integrated Minorities
UNSELECTED,51594,604,32,6,4,283,1019,53542,2024,2021892,2.6481,Integrated Minorities
NEPALIAN,1,0,0,0,0,0,64,65,2024,2021892,0.0032,Integrated Minorities
UNKNOWN,1617,47,19,2,12,3641,7108,12446,2024,2021892,0.6156,Integrated Minorities
NIGERIAN,1,0,0,0,0,0,51,52,2024,2021892,0.0026,Integrated Minorities
NOGAAJ,0,3,0,0,0,0,0,3,2024,2021892,0.0001,Integrated Minorities
NORWEGIAN,18,0,0,0,0,0,295,313,2024,2021892,0.0155,Integrated Minorities
NETZ,1,0,0,0,0,0,0,1,2024,2021892,0.0,Integrated Minorities
OSETINE,105,96,0,0,2,1,37,241,2024,2021892,0.0119,Integrated Minorities
PALESTINIAN ARAB,0,0,1,0,0,0,2,3,2024,2021892,0.0001,Integrated Minorities
PANAMANIAN,0,0,0,0,0,0,4,4,2024,2021892,0.0002,Integrated Minorities
PUNJABI,0,0,0,0,0,2,1,3,2024,2021892,0.0001,Integrated Minorities
PERSIAN,0,0,0,0,0,0,1,1,2024,2021892,0.0,Integrated Minorities
PERUVIAN,0,0,0,0,0,0,30,30,2024,2021892,0.0015,Integrated Minorities
POLIS,30517,6357,0,0,2,19,1786,38681,2024,2021892,1.9131,Integrated Minorities
PORTUGAL,12,0,0,0,0,0,189,201,2024,2021892,0.0099,Integrated Minorities
PUNJAB,0,0,0,0,6,0,1,7,2024,2021892,0.0003,Integrated Minorities
RHETORICAL NOVEL,0,0,0,0,0,0,1,1,2024,2021892,0.0,Integrated Minorities
ROMANIAN,214,204,0,0,0,0,374,792,2024,2021892,0.0392,Integrated Minorities
BALL,0,1,0,0,0,0,1,2,2024,2021892,0.0001,Integrated Minorities
SALVADORIANS,0,0,0,0,0,0,2,2,2024,2021892,0.0001,Integrated Minorities
SELKUP,0,1,0,0,0,0,0,1,2024,2021892,0.0,Integrated Minorities
SERBIAN,16,2,0,0,0,0,44,62,2024,2021892,0.0031,Integrated Minorities
SINDS,0,0,0,0,0,0,3,3,2024,2021892,0.0001,Integrated Minorities
SINGULAR,1,0,1,0,1,0,67,70,2024,2021892,0.0035,Integrated Minorities
SYRIAN,6,1,185,0,5,0,43,240,2024,2021892,0.0119,Integrated Minorities
SCOT,11,0,0,0,0,0,26,37,2024,2021892,0.0018,Integrated Minorities
SLOVAK,24,9,0,0,0,0,109,142,2024,2021892,0.007,Integrated Minorities
SLOVENIAN,2,0,0,0,0,1,29,32,2024,2021892,0.0016,Integrated Minorities
FINN,183,56,0,0,0,0,560,799,2024,2021892,0.0395,Integrated Minorities
SPANIARD,26,5,0,0,0,0,440,471,2024,2021892,0.0233,Integrated Minorities
SHORE,0,2,0,0,0,0,1,3,2024,2021892,0.0001,Integrated Minorities
SWISS,13,1,0,0,0,0,94,108,2024,2021892,0.0053,Integrated Minorities
TABASARANS,4,1,0,0,0,0,0,5,2024,2021892,0.0002,Integrated Minorities
TAJIKISTAN,52,24,5,0,39,5,582,707,2024,2021892,0.035,Integrated Minorities
TALISH,0,0,0,0,1,0,0,1,2024,2021892,0.0,Integrated Minorities
TAMIL,0,0,0,0,0,0,6,6,2024,2021892,0.0003,Integrated Minorities
TATAR,803,786,0,0,1,10,495,2095,2024,2021892,0.1036,Integrated Minorities
TATS,9,3,0,0,0,0,6,18,2024,2021892,0.0009,Integrated Minorities
TELEUT,0,1,0,0,0,0,0,1,2024,2021892,0.0,Integrated Minorities
TUNISIAN,2,0,0,0,0,0,49,51,2024,2021892,0.0025,Integrated Minorities
TURKMONTH,17,9,1,0,0,2,59,88,2024,2021892,0.0044,Integrated Minorities
TURK,55,2,0,0,26,4,758,845,2024,2021892,0.0418,Integrated Minorities
APPROACHING,1,0,0,0,0,0,1,2,2024,2021892,0.0001,Integrated Minorities
UDEHS,0,0,0,0,0,1,0,1,2024,2021892,0.0,Integrated Minorities
UDMURT,45,111,0,1,0,0,29,186,2024,2021892,0.0092,Integrated Minorities
UDS,9,11,0,0,0,0,7,27,2024,2021892,0.0013,Integrated Minorities
UYGHUR,5,2,0,0,5,1,32,45,2024,2021892,0.0022,Integrated Minorities
UKRAINIAN,17645,17663,5,15,0,31032,9436,75796,2024,2021892,3.7488,Protected Populations
HUNGARY,133,68,0,0,0,1,118,320,2024,2021892,0.0158,Integrated Minorities
URUGUAYAN,0,0,0,0,0,0,4,4,2024,2021892,0.0002,Integrated Minorities
UZBEK,100,92,6,1,4,10,3741,3954,2024,2021892,0.1956,Integrated Minorities
WALLOON,1,0,0,0,0,0,7,8,2024,2021892,0.0004,Integrated Minorities
GERMAN,2061,543,0,0,1,2,2420,5027,2024,2021892,0.2486,Integrated Minorities
WELSHMAN,1,0,0,0,0,0,6,7,2024,2021892,0.0003,Integrated Minorities
VENEER,5,0,1,0,0,0,21,27,2024,2021892,0.0013,Integrated Minorities
VEPSS,1,2,0,0,0,0,1,4,2024,2021892,0.0002,Integrated Minorities
VIETNAMESE,8,0,0,0,0,0,563,571,2024,2021892,0.0282,Integrated Minorities
SWEDE,41,3,0,0,0,0,677,721,2024,2021892,0.0357,Integrated Minorities
ABAZ,4,3,0,0,0,2,3,12,2025,1993984,0.0006,Integrated Minorities
ABHAHAZ,13,9,0,0,0,0,7,29,2025,1993984,0.0015,Integrated Minorities
ADIGEAN,2,5,0,0,0,0,3,10,2025,1993984,0.0005,Integrated Minorities
AFGHAN,15,0,9,0,120,0,15,159,2025,1993984,0.008,Split Status Groups
AFRIKANDS,3,0,0,0,0,0,2,5,2025,1993984,0.0003,Integrated Minorities
AGULS,9,6,0,0,0,0,17,32,2025,1993984,0.0016,Integrated Minorities
ALBANON,5,0,0,0,0,0,36,41,2025,1993984,0.0021,Integrated Minorities
ALTAIC,0,3,0,0,1,0,0,4,2025,1993984,0.0002,Integrated Minorities
ALGERIAN,4,0,0,0,0,0,38,42,2025,1993984,0.0021,Integrated Minorities
AMERICAN,85,0,0,0,0,3,518,606,2025,1993984,0.0304,Integrated Minorities
ENGLISHMAN,123,1,0,0,0,0,882,1006,2025,1993984,0.0505,Integrated Minorities
ARABIC,15,5,17,0,10,0,20,67,2025,1993984,0.0034,Integrated Minorities
ARGENTINE,4,0,0,0,0,0,28,32,2025,1993984,0.0016,Integrated Minorities
ARMENIAN,1240,549,0,3,0,42,650,2484,2025,1993984,0.1246,Integrated Minorities
ASSYRIAN,7,2,0,0,0,1,6,16,2025,1993984,0.0008,Integrated Minorities
AUSTRALIAN,28,0,0,0,0,0,51,79,2025,1993984,0.004,Integrated Minorities
AUSTRIAN,5,0,0,0,0,0,123,128,2025,1993984,0.0064,Integrated Minorities
CRASH,33,16,0,1,0,0,17,67,2025,1993984,0.0034,Integrated Minorities
AZERBAIJAN,663,509,0,2,6,25,960,2165,2025,1993984,0.1086,Integrated Minorities
BALKAR,0,1,0,0,0,0,8,9,2025,1993984,0.0005,Integrated Minorities
BELARUS,26432,23552,11,11,110,52,6555,56723,2025,1993984,2.8447,Split Status Groups
BASHKIR,69,68,0,0,0,0,55,192,2025,1993984,0.0096,Integrated Minorities
BALOCHISTAN,0,0,0,0,0,0,1,1,2025,1993984,0.0001,Integrated Minorities
BENGAL,6,0,2,0,0,0,12,20,2025,1993984,0.001,Integrated Minorities
BENINIETIS,2,1,0,0,0,0,0,3,2025,1993984,0.0002,Integrated Minorities
BOLIVIAN,0,0,0,0,0,0,1,1,2025,1993984,0.0001,Integrated Minorities
BOSNIAN,1,0,0,0,0,0,7,8,2025,1993984,0.0004,Integrated Minorities
BRAZILIAN,8,0,0,0,0,1,126,135,2025,1993984,0.0068,Integrated Minorities
BULGARIAN,177,87,0,0,0,11,455,730,2025,1993984,0.0366,Integrated Minorities
BURYAT,14,11,0,0,0,0,7,32,2025,1993984,0.0016,Integrated Minorities
CAHURS,4,2,0,1,0,0,3,10,2025,1993984,0.0005,Integrated Minorities
CHECHEN,90,25,2,2,1,0,64,184,2025,1993984,0.0092,Integrated Minorities
CZECH REPUBLIC,59,7,0,0,0,0,144,210,2025,1993984,0.0105,Integrated Minorities
CHURCHES,7,3,0,0,0,0,4,14,2025,1993984,0.0007,Integrated Minorities
GYPSY,5514,227,0,8,2,0,35,5786,2025,1993984,0.2902,Integrated Minorities
GYPSY (ROM),458,0,0,2,0,113,7,580,2025,1993984,0.0291,Integrated Minorities
CHILEAN,2,0,0,0,0,0,14,16,2025,1993984,0.0008,Integrated Minorities
CHUKCH,0,2,0,0,0,0,0,2,2025,1993984,0.0001,Integrated Minorities
CHUVASH,115,251,0,0,0,0,122,488,2025,1993984,0.0245,Integrated Minorities
DARGINS,15,3,0,0,0,0,1,19,2025,1993984,0.001,Integrated Minorities
DANE,39,0,0,0,0,0,325,364,2025,1993984,0.0183,Integrated Minorities
DUNGANS,0,0,0,0,0,0,3,3,2025,1993984,0.0002,Integrated Minorities
JEW,5181,1076,0,1,3,7,648,6916,2025,1993984,0.3468,Integrated Minorities
ECUADORIAN,0,0,0,0,0,0,8,8,2025,1993984,0.0004,Integrated Minorities
EVENKS,2,1,0,0,0,0,0,3,2025,1993984,0.0002,Integrated Minorities
EVENS,0,0,0,0,0,0,1,1,2025,1993984,0.0001,Integrated Minorities
EGYPTIAN,12,0,0,0,5,1,174,192,2025,1993984,0.0096,Integrated Minorities
FARCE,0,0,0,0,0,0,2,2,2025,1993984,0.0001,Integrated Minorities
FLEMISH,2,0,0,0,0,0,15,17,2025,1993984,0.0009,Integrated Minorities
FRENCHMAN,60,0,0,0,0,0,865,925,2025,1993984,0.0464,Integrated Minorities
GAGAUZ,30,31,0,0,0,3,14,78,2025,1993984,0.0039,Integrated Minorities
GREEK,192,52,0,1,0,2,199,446,2025,1993984,0.0224,Integrated Minorities
GEORGIA,525,243,0,2,1,17,543,1331,2025,1993984,0.0668,Integrated Minorities
HAKASIAN,1,2,0,0,0,0,3,6,2025,1993984,0.0003,Integrated Minorities
HANTS,0,4,0,0,0,0,0,4,2025,1993984,0.0002,Integrated Minorities
HINDUSTAN,2,0,0,0,0,0,0,2,2025,1993984,0.0001,Integrated Minorities
DUTCHMAN,26,2,0,0,0,0,187,215,2025,1993984,0.0108,Integrated Minorities
CROATIA,6,3,0,0,0,0,73,82,2025,1993984,0.0041,Integrated Minorities
ESTONIAN,1061,200,0,0,0,1,615,1877,2025,1993984,0.0941,Integrated Minorities
INDIAN,24,0,0,0,0,4,5200,5228,2025,1993984,0.2622,Integrated Minorities
INGUSH,10,8,1,0,0,0,16,35,2025,1993984,0.0018,Integrated Minorities
IRAQI,1,0,4,0,11,0,22,38,2025,1993984,0.0019,Integrated Minorities
IRAN,4,1,4,1,9,0,77,96,2025,1993984,0.0048,Integrated Minorities
ICELANDIC,7,0,0,0,0,0,29,36,2025,1993984,0.0018,Integrated Minorities
ITALIAN,92,1,0,0,0,0,969,1062,2025,1993984,0.0533,Integrated Minorities
IZOR,0,1,0,0,0,0,1,2,2025,1993984,0.0001,Integrated Minorities
IRISH,24,0,0,0,0,0,140,164,2025,1993984,0.0082,Integrated Minorities
YAKUTS,12,6,0,0,0,0,16,34,2025,1993984,0.0017,Integrated Minorities
JAPAN,4,0,0,0,0,0,37,41,2025,1993984,0.0021,Integrated Minorities
NEW ZEALANDER,2,0,0,0,0,0,17,19,2025,1993984,0.001,Integrated Minorities
YEZID,1,0,0,0,0,0,0,1,2025,1993984,0.0001,Integrated Minorities
KABARD,7,8,0,0,0,0,3,18,2025,1993984,0.0009,Integrated Minorities
CALMISH,9,6,0,0,0,0,19,34,2025,1993984,0.0017,Integrated Minorities
CANUCK,13,0,0,0,0,0,97,110,2025,1993984,0.0055,Integrated Minorities
KARAČAYAN,3,1,0,0,0,0,2,6,2025,1993984,0.0003,Integrated Minorities
CHARITY,1,1,0,0,0,0,0,2,2025,1993984,0.0001,Integrated Minorities
KARAKALPAKS,0,0,0,0,0,0,7,7,2025,1993984,0.0004,Integrated Minorities
KAREL,62,64,0,0,0,0,26,152,2025,1993984,0.0076,Integrated Minorities
CATALAN,0,0,0,0,0,0,1,1,2025,1993984,0.0001,Integrated Minorities
KAZAKHS,92,70,3,0,1,7,413,586,2025,1993984,0.0294,Integrated Minorities
KYRGYZ,7,4,0,1,2,0,188,202,2025,1993984,0.0101,Integrated Minorities
COLOMBIAN,5,0,0,0,0,0,47,52,2025,1993984,0.0026,Integrated Minorities
COMET,59,85,0,0,0,1,33,178,2025,1993984,0.0089,Integrated Minorities
KOMIET PERMIETIS,15,20,0,0,0,0,8,43,2025,1993984,0.0022,Integrated Minorities
KOREAN,81,40,0,1,0,3,140,265,2025,1993984,0.0133,Integrated Minorities
COSTA RICAN,0,0,0,0,0,0,6,6,2025,1993984,0.0003,Integrated Minorities
COSTA RICAN,0,0,0,0,0,0,6,6,2025,1993984,0.0003,Integrated Minorities
COSTA RICAN,1,0,0,0,0,0,0,1,2025,1993984,0.0001,Integrated Minorities
COSTA RICAN,1,0,0,0,0,0,0,1,2025,1993984,0.0001,Integrated Minorities
RUSSIAN,321251,112097,15,90,93,454,34644,468644,2025,1993984,23.5029,Large Historical Minority
CRIMEAN TATAR,4,0,0,0,0,13,2,19,2025,1993984,0.001,Integrated Minorities
KRIMCHAK,1,0,0,0,0,0,0,1,2025,1993984,0.0001,Integrated Minorities
CUBAN,13,1,0,0,0,1,30,45,2025,1993984,0.0023,Integrated Minorities
COMIC,11,12,0,0,0,0,8,31,2025,1993984,0.0016,Integrated Minorities
KURDISH,3,0,70,0,13,0,5,91,2025,1993984,0.0046,Integrated Minorities
CHINESE,11,1,0,0,0,5,743,760,2025,1993984,0.0381,Integrated Minorities
LAX,21,17,0,0,0,0,5,43,2025,1993984,0.0022,Integrated Minorities
LATVIAN,1214055,378,0,2,0,27,1114,1215576,2025,1993984,60.9622,Latvians
LAZS,3,0,0,0,0,0,0,3,2025,1993984,0.0002,Integrated Minorities
LEZGIN,84,100,0,1,0,0,55,240,2025,1993984,0.012,Integrated Minorities
LEBANESE,32,4,0,0,5,0,51,92,2025,1993984,0.0046,Integrated Minorities
LITHUANIAN,15188,3959,0,2,0,2,3260,22411,2025,1993984,1.1239,Integrated Minorities
LIVONIAN,137,0,0,0,0,0,0,137,2025,1993984,0.0069,Integrated Minorities
LIVONIAN (LIV),32,0,0,0,0,0,1,33,2025,1993984,0.0017,Integrated Minorities
LIBYAN ARAB,0,0,0,0,0,0,2,2,2025,1993984,0.0001,Integrated Minorities
LUXEMBOURGISH,0,0,0,0,0,0,7,7,2025,1993984,0.0004,Integrated Minorities
MACEDONIAN,4,0,0,0,0,0,13,17,2025,1993984,0.0009,Integrated Minorities
MALAYSIAN,1,0,0,0,0,0,10,11,2025,1993984,0.0006,Integrated Minorities
MALTESE,3,0,0,0,0,0,12,15,2025,1993984,0.0008,Integrated Minorities
MARIETIS,63,101,0,0,0,0,42,206,2025,1993984,0.0103,Integrated Minorities
MOROCCAN,0,0,0,0,0,1,43,44,2025,1993984,0.0022,Integrated Minorities
MEXICAN,8,0,0,0,0,0,53,61,2025,1993984,0.0031,Integrated Minorities
MONTENEGRIN,3,1,0,0,0,0,5,9,2025,1993984,0.0005,Integrated Minorities
MOLDAVIA,647,618,0,1,0,25,448,1739,2025,1993984,0.0872,Integrated Minorities
MONGOLIAN,2,0,0,0,0,0,13,15,2025,1993984,0.0008,Integrated Minorities
MORTAR SITE,128,165,0,0,0,1,89,383,2025,1993984,0.0192,Integrated Minorities
NAGAIBAK,2,0,0,0,0,0,1,3,2025,1993984,0.0002,Integrated Minorities
UNSELECTED,51927,563,32,7,5,130,1154,53818,2025,1993984,2.699,Integrated Minorities
NEPALIAN,2,0,0,0,0,0,74,76,2025,1993984,0.0038,Integrated Minorities
UNKNOWN,1572,44,15,2,13,1446,7001,10093,2025,1993984,0.5062,Integrated Minorities
NIGERIAN,2,0,0,0,0,0,59,61,2025,1993984,0.0031,Integrated Minorities
NOGAAJ,0,3,0,0,0,0,0,3,2025,1993984,0.0002,Integrated Minorities
NORWEGIAN,17,0,0,0,0,0,306,323,2025,1993984,0.0162,Integrated Minorities
NETZ,1,0,0,0,0,0,0,1,2025,1993984,0.0001,Integrated Minorities
OSETINE,107,91,0,0,2,0,37,237,2025,1993984,0.0119,Integrated Minorities
PALESTINIAN ARAB,0,0,1,0,0,0,1,2,2025,1993984,0.0001,Integrated Minorities
PANAMANIAN,0,0,0,0,0,0,3,3,2025,1993984,0.0002,Integrated Minorities
PUNJABI,1,0,0,0,0,1,1,3,2025,1993984,0.0002,Integrated Minorities
PERSIAN,0,0,0,0,0,0,1,1,2025,1993984,0.0001,Integrated Minorities
PERUVIAN,0,0,0,0,0,0,35,35,2025,1993984,0.0018,Integrated Minorities
POLIS,30054,6136,0,0,2,12,1764,37968,2025,1993984,1.9041,Integrated Minorities
PORTUGAL,14,0,0,0,0,0,195,209,2025,1993984,0.0105,Integrated Minorities
PUNJAB,0,0,0,0,6,0,1,7,2025,1993984,0.0004,Integrated Minorities
RHETORICAL NOVEL,0,0,0,0,0,0,1,1,2025,1993984,0.0001,Integrated Minorities
ROMANIAN,218,201,0,0,0,0,371,790,2025,1993984,0.0396,Integrated Minorities
BALL,0,1,0,0,0,0,1,2,2025,1993984,0.0001,Integrated Minorities
SALVADORIANS,0,0,0,0,0,0,3,3,2025,1993984,0.0002,Integrated Minorities
SELKUP,0,1,0,0,0,0,0,1,2025,1993984,0.0001,Integrated Minorities
SERBIAN,16,2,0,0,0,0,31,49,2025,1993984,0.0025,Integrated Minorities
SINDS,0,0,0,0,0,0,1,1,2025,1993984,0.0001,Integrated Minorities
SINGULAR,1,0,1,0,1,0,73,76,2025,1993984,0.0038,Integrated Minorities
SYRIAN,6,1,176,0,5,0,43,231,2025,1993984,0.0116,Integrated Minorities
SCOT,9,0,0,0,0,0,25,34,2025,1993984,0.0017,Integrated Minorities
SLOVAK,25,8,0,0,0,0,112,145,2025,1993984,0.0073,Integrated Minorities
SLOVENIAN,2,0,0,0,0,0,31,33,2025,1993984,0.0017,Integrated Minorities
FINN,185,53,0,0,0,0,615,853,2025,1993984,0.0428,Integrated Minorities
SPANIARD,26,5,0,0,0,0,425,456,2025,1993984,0.0229,Integrated Minorities
SHORE,0,2,0,0,0,0,1,3,2025,1993984,0.0002,Integrated Minorities
SWISS,13,1,0,0,0,0,92,106,2025,1993984,0.0053,Integrated Minorities
TABASARANS,4,1,0,0,0,0,0,5,2025,1993984,0.0003,Integrated Minorities
TAJIKISTAN,53,23,2,0,39,4,686,807,2025,1993984,0.0405,Integrated Minorities
TALISH,0,0,0,0,1,0,0,1,2025,1993984,0.0001,Integrated Minorities
TAMIL,0,0,0,0,0,0,5,5,2025,1993984,0.0003,Integrated Minorities
TATAR,801,752,0,0,1,8,458,2020,2025,1993984,0.1013,Integrated Minorities
TATS,9,4,0,0,0,0,6,19,2025,1993984,0.001,Integrated Minorities
TELEUT,0,1,0,0,0,0,0,1,2025,1993984,0.0001,Integrated Minorities
TUAREGS,0,0,0,0,0,0,1,1,2025,1993984,0.0001,Integrated Minorities
TUNISIAN,3,0,0,0,0,0,66,69,2025,1993984,0.0035,Integrated Minorities
TURKMONTH,18,9,0,0,0,2,87,116,2025,1993984,0.0058,Integrated Minorities
TURK,56,1,0,0,25,4,875,961,2025,1993984,0.0482,Integrated Minorities
APPROACHING,1,0,0,0,0,0,1,2,2025,1993984,0.0001,Integrated Minorities
UDEHS,0,0,0,0,0,1,0,1,2025,1993984,0.0001,Integrated Minorities
UDMURT,42,108,0,1,0,0,27,178,2025,1993984,0.0089,Integrated Minorities
UDS,9,10,0,0,0,0,6,25,2025,1993984,0.0013,Integrated Minorities
UYGHUR,5,2,0,0,5,1,28,41,2025,1993984,0.0021,Integrated Minorities
UKRAINIAN,17545,17033,4,15,0,26726,8300,69623,2025,1993984,3.4917,Protected Populations
HUNGARY,131,66,0,0,0,1,115,313,2025,1993984,0.0157,Integrated Minorities
URUGUAYAN,0,0,0,0,0,0,4,4,2025,1993984,0.0002,Integrated Minorities
UZBEK,103,89,6,1,5,8,3866,4078,2025,1993984,0.2045,Integrated Minorities
WALLOON,1,0,0,0,0,0,5,6,2025,1993984,0.0003,Integrated Minorities
GERMAN,2056,515,0,0,1,2,2315,4889,2025,1993984,0.2452,Integrated Minorities
WELSHMAN,1,0,0,0,0,0,6,7,2025,1993984,0.0004,Integrated Minorities
VENEER,5,0,1,0,0,0,24,30,2025,1993984,0.0015,Integrated Minorities
VEPSS,1,2,0,0,0,0,1,4,2025,1993984,0.0002,Integrated Minorities
VIETNAMESE,8,0,0,0,0,1,743,752,2025,1993984,0.0377,Integrated Minorities
SWEDE,40,3,0,0,0,0,683,726,2025,1993984,0.0364,Integrated Minorities
